  0
SECTION
  2
HEADER
  9
$ACADVER
  1
AC1032
  9
$ACADMAINTVER
 90
      327
  9
$DWGCODEPAGE
  3
ANSI_1252
  9
$LASTSAVEDBY
  1
Admin
  9
$REQUIREDVERSIONS
160
                 0
  9
$INSBASE
 10
0.0
 20
0.0
 30
0.0
  9
$EXTMIN
 10
188004.4404079831
 20
1730484.920585401
 30
0.0
  9
$EXTMAX
 10
197665.608095198
 20
1739816.109283895
 30
0.0
  9
$LIMMIN
 10
0.0
 20
0.0
  9
$LIMMAX
 10
420.0
 20
297.0
  9
$ORTHOMODE
 70
     0
  9
$REGENMODE
 70
     1
  9
$FILLMODE
 70
     1
  9
$QTEXTMODE
 70
     0
  9
$MIRRTEXT
 70
     0
  9
$LTSCALE
 40
15.0
  9
$ATTMODE
 70
     1
  9
$TEXTSIZE
 40
2.0
  9
$TRACEWID
 40
1.0
  9
$TEXTSTYLE
  7
section
  9
$CLAYER
  8
text2
  9
$CELTYPE
  6
ByLayer
  9
$CECOLOR
 62
     3
  9
$CELTSCALE
 40
1.0
  9
$DISPSILH
 70
     0
  9
$DIMSCALE
 40
1.0
  9
$DIMASZ
 40
2.5
  9
$DIMEXO
 40
0.625
  9
$DIMDLI
 40
3.75
  9
$DIMRND
 40
0.0
  9
$DIMDLE
 40
0.0
  9
$DIMEXE
 40
1.25
  9
$DIMTP
 40
0.0
  9
$DIMTM
 40
0.0
  9
$DIMTXT
 40
2.5
  9
$DIMCEN
 40
2.5
  9
$DIMTSZ
 40
0.0
  9
$DIMTOL
 70
     0
  9
$DIMLIM
 70
     0
  9
$DIMTIH
 70
     0
  9
$DIMTOH
 70
     0
  9
$DIMSE1
 70
     0
  9
$DIMSE2
 70
     0
  9
$DIMTAD
 70
     1
  9
$DIMZIN
 70
     2
  9
$DIMBLK
  1

  9
$DIMASO
 70
     1
  9
$DIMSHO
 70
     1
  9
$DIMPOST
  1

  9
$DIMAPOST
  1

  9
$DIMALT
 70
     0
  9
$DIMALTD
 70
     3
  9
$DIMALTF
 40
0.03937007874016
  9
$DIMLFAC
 40
1.0
  9
$DIMTOFL
 70
     1
  9
$DIMTVP
 40
0.0
  9
$DIMTIX
 70
     0
  9
$DIMSOXD
 70
     0
  9
$DIMSAH
 70
     0
  9
$DIMBLK1
  1

  9
$DIMBLK2
  1

  9
$DIMSTYLE
  2
ISO-25
  9
$DIMCLRD
 70
     0
  9
$DIMCLRE
 70
     0
  9
$DIMCLRT
 70
     0
  9
$DIMTFAC
 40
1.0
  9
$DIMGAP
 40
0.625
  9
$DIMJUST
 70
     0
  9
$DIMSD1
 70
     0
  9
$DIMSD2
 70
     0
  9
$DIMTOLJ
 70
     0
  9
$DIMTZIN
 70
     8
  9
$DIMALTZ
 70
     0
  9
$DIMALTTZ
 70
     0
  9
$DIMUPT
 70
     0
  9
$DIMDEC
 70
     2
  9
$DIMTDEC
 70
     2
  9
$DIMALTU
 70
     2
  9
$DIMALTTD
 70
     3
  9
$DIMTXSTY
  7
Standard
  9
$DIMAUNIT
 70
     0
  9
$DIMADEC
 70
     0
  9
$DIMALTRND
 40
0.0
  9
$DIMAZIN
 70
     0
  9
$DIMDSEP
 70
    44
  9
$DIMATFIT
 70
     3
  9
$DIMFRAC
 70
     0
  9
$DIMLDRBLK
  1

  9
$DIMLUNIT
 70
     2
  9
$DIMLWD
 70
    -2
  9
$DIMLWE
 70
    -2
  9
$DIMTMOVE
 70
     0
  9
$DIMFXL
 40
1.0
  9
$DIMFXLON
 70
     0
  9
$DIMJOGANG
 40
0.7853981633974483
  9
$DIMTFILL
 70
     0
  9
$DIMTFILLCLR
 70
     0
  9
$DIMARCSYM
 70
     0
  9
$DIMLTYPE
  6

  9
$DIMLTEX1
  6

  9
$DIMLTEX2
  6

  9
$DIMTXTDIRECTION
 70
     0
  9
$LUNITS
 70
     2
  9
$LUPREC
 70
     4
  9
$SKETCHINC
 40
1.0
  9
$FILLETRAD
 40
0.0
  9
$AUNITS
 70
     0
  9
$AUPREC
 70
     0
  9
$MENU
  1
.
  9
$ELEVATION
 40
0.0
  9
$PELEVATION
 40
0.0
  9
$THICKNESS
 40
0.0
  9
$LIMCHECK
 70
     0
  9
$CHAMFERA
 40
0.0
  9
$CHAMFERB
 40
0.0
  9
$CHAMFERC
 40
0.0
  9
$CHAMFERD
 40
0.0
  9
$SKPOLY
 70
     0
  9
$TDCREATE
 40
2459058.431921297
  9
$TDUCREATE
 40
2459058.202755289
  9
$TDUPDATE
 40
2461243.804976852
  9
$TDUUPDATE
 40
2461243.575810185
  9
$TDINDWG
 40
5.3664809028
  9
$TDUSRTIMER
 40
5.3664807870
  9
$USRTIMER
 70
     1
  9
$ANGBASE
 50
0.0
  9
$ANGDIR
 70
     0
  9
$PDMODE
 70
    32
  9
$PDSIZE
 40
50.0
  9
$PLINEWID
 40
0.0
  9
$SPLFRAME
 70
     0
  9
$SPLINETYPE
 70
     6
  9
$SPLINESEGS
 70
     8
  9
$HANDSEED
  5
1017154
  9
$SURFTAB1
 70
     6
  9
$SURFTAB2
 70
     6
  9
$SURFTYPE
 70
     6
  9
$SURFU
 70
     6
  9
$SURFV
 70
     6
  9
$UCSBASE
  2

  9
$UCSNAME
  2

  9
$UCSORG
 10
0.0
 20
0.0
 30
0.0
  9
$UCSXDIR
 10
1.0
 20
0.0
 30
0.0
  9
$UCSYDIR
 10
0.0
 20
1.0
 30
0.0
  9
$UCSORTHOREF
  2

  9
$UCSORTHOVIEW
 70
     0
  9
$UCSORGTOP
 10
0.0
 20
0.0
 30
0.0
  9
$UCSORGBOTTOM
 10
0.0
 20
0.0
 30
0.0
  9
$UCSORGLEFT
 10
0.0
 20
0.0
 30
0.0
  9
$UCSORGRIGHT
 10
0.0
 20
0.0
 30
0.0
  9
$UCSORGFRONT
 10
0.0
 20
0.0
 30
0.0
  9
$UCSORGBACK
 10
0.0
 20
0.0
 30
0.0
  9
$PUCSBASE
  2

  9
$PUCSNAME
  2

  9
$PUCSORG
 10
0.0
 20
0.0
 30
0.0
  9
$PUCSXDIR
 10
1.0
 20
0.0
 30
0.0
  9
$PUCSYDIR
 10
0.0
 20
1.0
 30
0.0
  9
$PUCSORTHOREF
  2

  9
$PUCSORTHOVIEW
 70
     0
  9
$PUCSORGTOP
 10
0.0
 20
0.0
 30
0.0
  9
$PUCSORGBOTTOM
 10
0.0
 20
0.0
 30
0.0
  9
$PUCSORGLEFT
 10
0.0
 20
0.0
 30
0.0
  9
$PUCSORGRIGHT
 10
0.0
 20
0.0
 30
0.0
  9
$PUCSORGFRONT
 10
0.0
 20
0.0
 30
0.0
  9
$PUCSORGBACK
 10
0.0
 20
0.0
 30
0.0
  9
$USERI1
 70
     0
  9
$USERI2
 70
     0
  9
$USERI3
 70
     0
  9
$USERI4
 70
     0
  9
$USERI5
 70
     0
  9
$USERR1
 40
0.0
  9
$USERR2
 40
0.0
  9
$USERR3
 40
0.0
  9
$USERR4
 40
0.0
  9
$USERR5
 40
0.0
  9
$WORLDVIEW
 70
     1
  9
$SHADEDGE
 70
     3
  9
$SHADEDIF
 70
    70
  9
$TILEMODE
 70
     1
  9
$MAXACTVP
 70
    64
  9
$PINSBASE
 10
0.0
 20
0.0
 30
0.0
  9
$PLIMCHECK
 70
     0
  9
$PEXTMIN
 10
0.0
 20
0.0
 30
0.0
  9
$PEXTMAX
 10
0.0
 20
0.0
 30
0.0
  9
$PLIMMIN
 10
0.0
 20
0.0
  9
$PLIMMAX
 10
12.0
 20
9.0
  9
$UNITMODE
 70
     0
  9
$VISRETAIN
 70
     1
  9
$PLINEGEN
 70
     0
  9
$PSLTSCALE
 70
     1
  9
$TREEDEPTH
 70
  3020
  9
$CMLSTYLE
  2
Standard
  9
$CMLJUST
 70
     0
  9
$CMLSCALE
 40
20.0
  9
$PROXYGRAPHICS
 70
     1
  9
$MEASUREMENT
 70
     1
  9
$CELWEIGHT
370
    -1
  9
$ENDCAPS
280
     0
  9
$JOINSTYLE
280
     0
  9
$LWDISPLAY
290
     0
  9
$INSUNITS
 70
     4
  9
$HYPERLINKBASE
  1

  9
$STYLESHEET
  1

  9
$XEDIT
290
     1
  9
$CEPSNTYPE
380
     0
  9
$PSTYLEMODE
290
     1
  9
$FINGERPRINTGUID
  2
{EDD87E78-3C38-4AA1-850C-BE9FE07584E8}
  9
$VERSIONGUID
  2
{17C39E0D-3BF4-7D40-B9AF-EE0204BC9C02}
  9
$EXTNAMES
290
     1
  9
$PSVPSCALE
 40
0.0
  9
$OLESTARTUP
290
     0
  9
$SORTENTS
280
   127
  9
$INDEXCTL
280
     0
  9
$HIDETEXT
280
     1
  9
$XCLIPFRAME
280
     2
  9
$HALOGAP
280
     0
  9
$OBSCOLOR
 70
   257
  9
$OBSLTYPE
280
     0
  9
$INTERSECTIONDISPLAY
280
     0
  9
$INTERSECTIONCOLOR
 70
   257
  9
$DIMASSOC
280
     2
  9
$PROJECTNAME
  1

  9
$CAMERADISPLAY
290
     0
  9
$LENSLENGTH
 40
50.0
  9
$CAMERAHEIGHT
 40
0.0
  9
$STEPSPERSEC
 40
2.0
  9
$STEPSIZE
 40
6.0
  9
$3DDWFPREC
 40
2.0
  9
$PSOLWIDTH
 40
5.0
  9
$PSOLHEIGHT
 40
80.0
  9
$LOFTANG1
 40
1.570796326794896
  9
$LOFTANG2
 40
1.570796326794896
  9
$LOFTMAG1
 40
0.0
  9
$LOFTMAG2
 40
0.0
  9
$LOFTPARAM
 70
     7
  9
$LOFTNORMALS
280
     1
  9
$LATITUDE
 40
37.795
  9
$LONGITUDE
 40
-122.394
  9
$NORTHDIRECTION
 40
0.0
  9
$TIMEZONE
 70
 -8000
  9
$LIGHTGLYPHDISPLAY
280
     1
  9
$TILEMODELIGHTSYNCH
280
     1
  9
$CMATERIAL
347
EC
  9
$SOLIDHIST
280
     1
  9
$SHOWHIST
280
     1
  9
$DWFFRAME
280
     2
  9
$DGNFRAME
280
     0
  9
$REALWORLDSCALE
290
     1
  9
$INTERFERECOLOR
 62
     1
  9
$INTERFEREOBJVS
345
F9
  9
$INTERFEREVPVS
346
25F
  9
$CSHADOW
280
     0
  9
$SHADOWPLANELOCATION
 40
0.0
  0
ENDSEC
  0
SECTION
  2
CLASSES
  0
CLASS
  1
ACDBDICTIONARYWDFLT
  2
AcDbDictionaryWithDefault
  3
ObjectDBX Classes
 90
        0
 91
        1
280
     0
281
     0
  0
CLASS
  1
DICTIONARYVAR
  2
AcDbDictionaryVar
  3
ObjectDBX Classes
 90
        0
 91
       16
280
     0
281
     0
  0
CLASS
  1
TABLESTYLE
  2
AcDbTableStyle
  3
ObjectDBX Classes
 90
     4095
 91
        1
280
     0
281
     0
  0
CLASS
  1
MATERIAL
  2
AcDbMaterial
  3
ObjectDBX Classes
 90
     1153
 91
        3
280
     0
281
     0
  0
CLASS
  1
VISUALSTYLE
  2
AcDbVisualStyle
  3
ObjectDBX Classes
 90
     4095
 91
       26
280
     0
281
     0
  0
CLASS
  1
SCALE
  2
AcDbScale
  3
ObjectDBX Classes
 90
     1153
 91
       18
280
     0
281
     0
  0
CLASS
  1
MLEADERSTYLE
  2
AcDbMLeaderStyle
  3
ACDB_MLEADERSTYLE_CLASS
 90
     4095
 91
        2
280
     0
281
     0
  0
CLASS
  1
CELLSTYLEMAP
  2
AcDbCellStyleMap
  3
ObjectDBX Classes
 90
     1152
 91
        5
280
     0
281
     0
  0
CLASS
  1
EXACXREFPANELOBJECT
  2
ExAcXREFPanelObject
  3
EXAC_ESW
 90
     1025
 91
        0
280
     0
281
     0
  0
CLASS
  1
NPOCOLLECTION
  2
AcDbImpNonPersistentObjectsCollection
  3
ObjectDBX Classes
 90
     1153
 91
        0
280
     0
281
     0
  0
CLASS
  1
LAYER_INDEX
  2
AcDbLayerIndex
  3
ObjectDBX Classes
 90
        0
 91
        0
280
     0
281
     0
  0
CLASS
  1
SPATIAL_INDEX
  2
AcDbSpatialIndex
  3
ObjectDBX Classes
 90
        0
 91
        0
280
     0
281
     0
  0
CLASS
  1
IDBUFFER
  2
AcDbIdBuffer
  3
ObjectDBX Classes
 90
        0
 91
        0
280
     0
281
     0
  0
CLASS
  1
IMAGEDEF
  2
AcDbRasterImageDef
  3
ISM
 90
        0
 91
        6
280
     0
281
     0
  0
CLASS
  1
RASTERVARIABLES
  2
AcDbRasterVariables
  3
ISM
 90
        0
 91
        1
280
     0
281
     0
  0
CLASS
  1
IMAGEDEF_REACTOR
  2
AcDbRasterImageDefReactor
  3
ISM
 90
        1
 91
        0
280
     0
281
     0
  0
CLASS
  1
IMAGE
  2
AcDbRasterImage
  3
ISM
 90
     2175
 91
        0
280
     0
281
     1
  0
CLASS
  1
AEC_REFEDIT_STATUS_TRACKER
  2
AecDbRefEditStatusTracker
  3
AecArchBase70|Product Desc: Autodesk Architectural Desktop 2007 |Company: Autodesk,Inc. |WEB Address: www.autodesk.com
 90
      129
 91
        0
280
     0
281
     0
  0
CLASS
  1
SORTENTSTABLE
  2
AcDbSortentsTable
  3
ObjectDBX Classes
 90
        0
 91
        3
280
     0
281
     0
  0
CLASS
  1
ACDBSECTIONVIEWSTYLE
  2
AcDbSectionViewStyle
  3
ObjectDBX Classes
 90
     1025
 91
        2
280
     0
281
     0
  0
CLASS
  1
ACDBDETAILVIEWSTYLE
  2
AcDbDetailViewStyle
  3
ObjectDBX Classes
 90
     1025
 91
        2
280
     0
281
     0
  0
CLASS
  1
MULTILEADER
  2
AcDbMLeader
  3
ACDB_MLEADER_CLASS
 90
     1025
 91
        0
280
     0
281
     1
  0
CLASS
  1
DBCOLOR
  2
AcDbColor
  3
ObjectDBX Classes
 90
        0
 91
        1
280
     0
281
     0
  0
ENDSEC
  0
SECTION
  2
TABLES
  0
TABLE
  2
VPORT
  5
8
102
{ACAD_XDICTIONARY
360
10158A5
102
}
330
0
100
AcDbSymbolTable
 70
     1
  0
VPORT
  5
EA
330
8
100
AcDbSymbolTableRecord
100
AcDbViewportTableRecord
  2
*Active
 70
     0
 10
0.0
 20
0.0
 11
1.0
 21
1.0
 12
187725.9276177627
 22
1732751.699668132
 13
0.0
 23
0.0
 14
10.0
 24
10.0
 15
10.0
 25
10.0
 16
0.0
 26
0.0
 36
1.0
 17
0.0
 27
0.0
 37
0.0
 40
5816.704368667913
 41
2.118055555555555
 42
50.0
 43
0.0
 44
0.0
 50
0.0
 51
0.0
 71
     0
 72
  1000
 73
     1
 74
     3
 75
     0
 76
     0
 77
     0
 78
     0
281
     0
 65
     1
110
0.0
120
0.0
130
0.0
111
1.0
121
0.0
131
0.0
112
0.0
122
1.0
132
0.0
 79
     0
146
0.0
348
F5
 60
     2
 61
     5
292
     1
282
     1
141
0.0
142
0.0
 63
   250
421
  3355443
1001
ACAD_NAV_VCDISPLAY
1070
     3
  0
ENDTAB
  0
TABLE
  2
LTYPE
  5
5
330
0
100
AcDbSymbolTable
 70
     3
  0
LTYPE
  5
14
330
5
100
AcDbSymbolTableRecord
100
AcDbLinetypeTableRecord
  2
ByBlock
 70
     0
  3

 72
    65
 73
     0
 40
0.0
  0
LTYPE
  5
15
330
5
100
AcDbSymbolTableRecord
100
AcDbLinetypeTableRecord
  2
ByLayer
 70
     0
  3

 72
    65
 73
     0
 40
0.0
  0
LTYPE
  5
16
330
5
100
AcDbSymbolTableRecord
100
AcDbLinetypeTableRecord
  2
Continuous
 70
     0
  3
Solid line
 72
    65
 73
     0
 40
0.0
  0
ENDTAB
  0
TABLE
  2
LAYER
  5
2
102
{ACAD_XDICTIONARY
360
283
102
}
330
0
100
AcDbSymbolTable
 70
    35
  0
LAYER
  5
10
102
{ACAD_XDICTIONARY
360
13C
102
}
330
2
100
AcDbSymbolTableRecord
100
AcDbLayerTableRecord
  2
0
 70
     0
 62
     7
  6
Continuous
370
    -3
390
F
347
EE
348
0
  0
LAYER
  5
2F9
330
2
100
AcDbSymbolTableRecord
100
AcDbLayerTableRecord
  2
MANDAL BU
 70
     0
 62
    22
  6
Continuous
370
    -3
390
F
347
EE
348
0
1001
AcAecLayerStandard
1000

1000

  0
LAYER
  5
2FA
330
2
100
AcDbSymbolTableRecord
100
AcDbLayerTableRecord
  2
STRUCTURE
 70
     0
 62
     5
  6
Continuous
370
    -3
390
F
347
EE
348
0
1001
AcAecLayerStandard
1000

1000

  0
LAYER
  5
BEC
330
2
100
AcDbSymbolTableRecord
100
AcDbLayerTableRecord
  2
CANAL1
 70
     0
 62
     7
  6
Continuous
370
    -3
390
F
347
EE
348
0
1001
AcAecLayerStandard
1000

1000

1001
AcCmTransparency
1071
        0
  0
LAYER
  5
306F
330
2
100
AcDbSymbolTableRecord
100
AcDbLayerTableRecord
  2
Defpoints
 70
     0
 62
     7
  6
Continuous
290
     0
370
    -3
390
F
347
EE
348
0
  0
LAYER
  5
BF04
330
2
100
AcDbSymbolTableRecord
100
AcDbLayerTableRecord
  2
BUND
 70
     0
 62
    10
  6
Continuous
370
    -3
390
F
347
EE
348
0
1001
AcAecLayerStandard
1000

1000

1001
AcCmTransparency
1071
        0
  0
LAYER
  5
C5B2
330
2
100
AcDbSymbolTableRecord
100
AcDbLayerTableRecord
  2
Remark
 70
     0
 62
     6
  6
Continuous
370
    25
390
F
347
EE
348
0
  0
LAYER
  5
C788
330
2
100
AcDbSymbolTableRecord
100
AcDbLayerTableRecord
  2
ESMinor328.000
 70
     0
 62
    30
  6
Continuous
370
    -3
390
F
347
EE
348
0
  0
LAYER
  5
C789
330
2
100
AcDbSymbolTableRecord
100
AcDbLayerTableRecord
  2
STREAMS
 70
     0
 62
   140
  6
Continuous
370
    -3
390
F
347
EE
348
0
1001
AcAecLayerStandard
1000

1000

1001
AcCmTransparency
1071
        0
  0
LAYER
  5
CF35
102
{ACAD_XDICTIONARY
360
CF36
102
}
330
2
100
AcDbSymbolTableRecord
100
AcDbLayerTableRecord
  2
ZZZ GPS
 70
     0
 62
     7
  6
Continuous
370
    -3
390
F
347
EE
348
0
1001
AcAecLayerStandard
1000

1000

  0
LAYER
  5
D3A3
330
2
100
AcDbSymbolTableRecord
100
AcDbLayerTableRecord
  2
ESMinor333.000
 70
     0
 62
    30
  6
Continuous
370
    -3
390
F
347
EE
348
0
  0
LAYER
  5
D3A4
330
2
100
AcDbSymbolTableRecord
100
AcDbLayerTableRecord
  2
ESElevation
 70
     0
 62
   253
  6
Continuous
370
    -3
390
F
347
EE
348
0
  0
LAYER
  5
D434
330
2
100
AcDbSymbolTableRecord
100
AcDbLayerTableRecord
  2
ROAD
 70
     0
 62
   210
  6
Continuous
370
    -3
390
F
347
EE
348
0
1001
AcAecLayerStandard
1000

1000

1001
AcCmTransparency
1071
        0
  0
LAYER
  5
D4B9
330
2
100
AcDbSymbolTableRecord
100
AcDbLayerTableRecord
  2
VILLAGES
 70
     0
 62
   240
  6
Continuous
370
    -3
390
F
347
EE
348
0
1001
AcAecLayerStandard
1000

1000

1001
AcCmTransparency
1071
        0
  0
LAYER
  5
D5CB
330
2
100
AcDbSymbolTableRecord
100
AcDbLayerTableRecord
  2
TRANCH
 70
     0
 62
     1
  6
Continuous
370
    -3
390
F
347
EE
348
0
1001
AcAecLayerStandard
1000

1000

1001
AcCmTransparency
1071
        0
  0
LAYER
  5
D746
330
2
100
AcDbSymbolTableRecord
100
AcDbLayerTableRecord
  2
CHNAGE
 70
     0
 62
     1
  6
Continuous
370
    -3
390
F
347
EE
348
0
  0
LAYER
  5
D889
330
2
100
AcDbSymbolTableRecord
100
AcDbLayerTableRecord
  2
STREAM
 70
     0
 62
     4
  6
Continuous
370
    -3
390
F
347
EE
348
0
1001
AcAecLayerStandard
1000

1000

1001
AcCmTransparency
1071
        0
  0
LAYER
  5
DAF9
330
2
100
AcDbSymbolTableRecord
100
AcDbLayerTableRecord
  2
ESMajor280.000
 70
     0
 62
    92
  6
Continuous
370
    -3
390
F
347
EE
348
0
  0
LAYER
  5
E1F8
330
2
100
AcDbSymbolTableRecord
100
AcDbLayerTableRecord
  2
BOX
 70
     0
 62
     5
  6
Continuous
370
    -3
390
F
347
EE
348
0
  0
LAYER
  5
F463
330
2
100
AcDbSymbolTableRecord
100
AcDbLayerTableRecord
  2
PLOT NO
 70
     0
 62
   255
  6
Continuous
370
    -3
390
F
347
EE
348
0
  0
LAYER
  5
F464
330
2
100
AcDbSymbolTableRecord
100
AcDbLayerTableRecord
  2
text2
 70
     0
 62
     7
  6
Continuous
370
    -3
390
F
347
EE
348
0
  0
LAYER
  5
10106BE
330
2
100
AcDbSymbolTableRecord
100
AcDbLayerTableRecord
  2
village maps
 70
     0
 62
     1
  6
Continuous
370
    -3
390
F
347
EE
348
0
1001
AcAecLayerStandard
1000

1000

1001
AcCmTransparency
1071
        0
  0
LAYER
  5
1010B42
330
2
100
AcDbSymbolTableRecord
100
AcDbLayerTableRecord
  2
ESMajor290.000
 70
     0
 62
    92
  6
Continuous
370
    -3
390
F
347
EE
348
0
  0
LAYER
  5
1011ABA
330
2
100
AcDbSymbolTableRecord
100
AcDbLayerTableRecord
  2
grid1
 70
     0
 62
     7
  6
Continuous
370
    -3
390
F
347
EE
348
0
  0
LAYER
  5
1011ABB
330
2
100
AcDbSymbolTableRecord
100
AcDbLayerTableRecord
  2
grid2
 70
     0
 62
     7
  6
Continuous
370
    -3
390
F
347
EE
348
0
  0
LAYER
  5
1011ABC
330
2
100
AcDbSymbolTableRecord
100
AcDbLayerTableRecord
  2
Profile1
 70
     0
 62
     1
  6
Continuous
370
    -3
390
F
347
EE
348
0
  0
LAYER
  5
1011ABD
330
2
100
AcDbSymbolTableRecord
100
AcDbLayerTableRecord
  2
text1
 70
     0
 62
     7
  6
Continuous
370
    -3
390
F
347
EE
348
0
  0
LAYER
  5
1011ABE
330
2
100
AcDbSymbolTableRecord
100
AcDbLayerTableRecord
  2
Profile2
 70
     0
 62
     3
  6
Continuous
370
    -3
390
F
347
EE
348
0
  0
LAYER
  5
1011ABF
330
2
100
AcDbSymbolTableRecord
100
AcDbLayerTableRecord
  2
Profile3
 70
     0
 62
     5
  6
Continuous
370
    -3
390
F
347
EE
348
0
  0
LAYER
  5
1011AC0
330
2
100
AcDbSymbolTableRecord
100
AcDbLayerTableRecord
  2
Profile4
 70
     0
 62
     6
  6
Continuous
370
    -3
390
F
347
EE
348
0
  0
LAYER
  5
1011C9B
330
2
100
AcDbSymbolTableRecord
100
AcDbLayerTableRecord
  2
IPS
 70
     0
 62
   190
  6
Continuous
370
    -3
390
F
347
EE
348
0
1001
AcAecLayerStandard
1000

1000

1001
AcCmTransparency
1071
        0
  0
LAYER
  5
101552B
330
2
100
AcDbSymbolTableRecord
100
AcDbLayerTableRecord
  2
bord
 70
     0
 62
     1
  6
Continuous
370
    -3
390
F
347
EE
348
0
1001
RAK
1000
{ACET-LAYISO
1070
     0
1070
     1
1000
Continuous
1071
       -3
1071
        1
1005
F
1000
ACET-LAYISO}
  0
LAYER
  5
101552C
330
2
100
AcDbSymbolTableRecord
100
AcDbLayerTableRecord
  2
AQUADUCT
 70
     0
 62
     1
  6
Continuous
370
    -3
390
F
347
EE
348
0
1001
AcAecLayerStandard
1000

1000

  0
LAYER
  5
1015FA1
330
2
100
AcDbSymbolTableRecord
100
AcDbLayerTableRecord
  2
MAP STREMS
 70
     0
 62
     5
  6
Continuous
370
    -3
390
F
347
EE
348
0
1001
AcAecLayerStandard
1000

1000

  0
LAYER
  5
10160E8
330
2
100
AcDbSymbolTableRecord
100
AcDbLayerTableRecord
  2
DCBM
 70
     0
 62
     3
  6
Continuous
370
    -3
390
F
347
EE
348
0
1001
AcAecLayerStandard
1000

1000

1001
AcCmTransparency
1071
        0
  0
ENDTAB
  0
TABLE
  2
STYLE
  5
3
330
0
100
AcDbSymbolTable
 70
     7
  0
STYLE
  5
11
330
3
100
AcDbSymbolTableRecord
100
AcDbTextStyleTableRecord
  2
Standard
 70
     0
 40
0.0
 41
1.0
 50
0.0
 71
     0
 42
2.5
  3
arial.ttf
  4

1001
ACAD
1000
Arial
1071
       34
  0
STYLE
  5
132
330
3
100
AcDbSymbolTableRecord
100
AcDbTextStyleTableRecord
  2
Annotative
 70
     0
 40
0.0
 41
1.0
 50
0.0
 71
     0
 42
2.5
  3
arial.ttf
  4

1001
AcadAnnotative
1000
AnnotativeData
1002
{
1070
     1
1070
     1
1002
}
1001
ACAD
1000
Arial
1071
       34
  0
STYLE
  5
351
330
3
100
AcDbSymbolTableRecord
100
AcDbTextStyleTableRecord
  2
VERDHANA
 70
     0
 40
0.0
 41
1.0
 50
0.0
 71
     0
 42
0.2
  3
verdana.ttf
  4

1001
ACAD
1000
Verdana
1071
       34
  0
STYLE
  5
C5B3
330
3
100
AcDbSymbolTableRecord
100
AcDbTextStyleTableRecord
  2
romans
 70
     0
 40
0.0
 41
1.0
 50
0.0
 71
     0
 42
0.2
  3
romans.shx
  4

  0
STYLE
  5
E1F9
330
3
100
AcDbSymbolTableRecord
100
AcDbTextStyleTableRecord
  2
monotxt
 70
     0
 40
0.0
 41
1.0
 50
0.0
 71
     0
 42
0.2
  3
txt.shx
  4

  0
STYLE
  5
1011AC1
330
3
100
AcDbSymbolTableRecord
100
AcDbTextStyleTableRecord
  2
section
 70
     0
 40
2.0
 41
1.0
 50
0.0
 71
     0
 42
2.0
  3
romant.shx
  4

  0
STYLE
  5
1016222
330
3
100
AcDbSymbolTableRecord
100
AcDbTextStyleTableRecord
  2
FONT1
 70
     0
 40
0.0
 41
1.0
 50
0.0
 71
     0
 42
0.2
  3
Arial
  4

  0
ENDTAB
  0
TABLE
  2
VIEW
  5
6
330
0
100
AcDbSymbolTable
 70
     2
  0
ENDTAB
  0
TABLE
  2
UCS
  5
7
330
0
100
AcDbSymbolTable
 70
     0
  0
ENDTAB
  0
TABLE
  2
APPID
  5
9
330
0
100
AcDbSymbolTable
 70
    16
  0
APPID
  5
12
330
9
100
AcDbSymbolTableRecord
100
AcDbRegAppTableRecord
  2
ACAD
 70
     0
  0
APPID
  5
9E
330
9
100
AcDbSymbolTableRecord
100
AcDbRegAppTableRecord
  2
ACAD_PSEXT
 70
     0
  0
APPID
  5
133
330
9
100
AcDbSymbolTableRecord
100
AcDbRegAppTableRecord
  2
AcadAnnoPO
 70
     0
  0
APPID
  5
134
330
9
100
AcDbSymbolTableRecord
100
AcDbRegAppTableRecord
  2
AcadAnnotative
 70
     0
  0
APPID
  5
135
330
9
100
AcDbSymbolTableRecord
100
AcDbRegAppTableRecord
  2
ACAD_DSTYLE_DIMJAG
 70
     0
  0
APPID
  5
136
330
9
100
AcDbSymbolTableRecord
100
AcDbRegAppTableRecord
  2
ACAD_DSTYLE_DIMTALN
 70
     0
  0
APPID
  5
165
330
9
100
AcDbSymbolTableRecord
100
AcDbRegAppTableRecord
  2
ACAD_MLEADERVER
 70
     0
  0
APPID
  5
201
330
9
100
AcDbSymbolTableRecord
100
AcDbRegAppTableRecord
  2
ACAD_EXEMPT_FROM_CAD_STANDARDS
 70
     0
  0
APPID
  5
271
330
9
100
AcDbSymbolTableRecord
100
AcDbRegAppTableRecord
  2
ACAD_NAV_VCDISPLAY
 70
     0
  0
APPID
  5
2FB
330
9
100
AcDbSymbolTableRecord
100
AcDbRegAppTableRecord
  2
AcAecLayerStandard
 70
     0
  0
APPID
  5
2FC
330
9
100
AcDbSymbolTableRecord
100
AcDbRegAppTableRecord
  2
ADE
 70
     0
  0
APPID
  5
BED
330
9
100
AcDbSymbolTableRecord
100
AcDbRegAppTableRecord
  2
AcCmTransparency
 70
     0
  0
APPID
  5
9CD1
330
9
100
AcDbSymbolTableRecord
100
AcDbRegAppTableRecord
  2
GradientColor1ACI
 70
     0
  0
APPID
  5
9CD2
330
9
100
AcDbSymbolTableRecord
100
AcDbRegAppTableRecord
  2
GradientColor2ACI
 70
     0
  0
APPID
  5
DAFA
330
9
100
AcDbSymbolTableRecord
100
AcDbRegAppTableRecord
  2
CNTR
 70
     0
  0
APPID
  5
101552D
330
9
100
AcDbSymbolTableRecord
100
AcDbRegAppTableRecord
  2
RAK
 70
     0
  0
ENDTAB
  0
TABLE
  2
DIMSTYLE
  5
A
330
0
100
AcDbSymbolTable
 70
     4
100
AcDbDimStyleTable
 71
     2
340
27
340
137
  0
DIMSTYLE
105
1B0
330
A
100
AcDbSymbolTableRecord
100
AcDbDimStyleTableRecord
  2
Standard
 70
     0
340
11
  0
DIMSTYLE
105
137
330
A
100
AcDbSymbolTableRecord
100
AcDbDimStyleTableRecord
  2
Annotative
 70
     0
 40
0.0
 41
2.5
 42
0.625
 43
3.75
 44
1.25
 73
     0
 74
     0
 77
     1
 78
     8
140
2.5
141
2.5
143
0.03937007874016
147
0.625
171
     3
172
     1
271
     2
272
     2
274
     3
278
    44
283
     0
284
     8
340
11
1001
AcadAnnotative
1000
AnnotativeData
1002
{
1070
     1
1070
     1
1002
}
1001
ACAD_DSTYLE_DIMJAG
1070
   388
1040
1.5
1001
ACAD_DSTYLE_DIMTALN
1070
   392
1070
     0
  0
DIMSTYLE
105
27
330
A
100
AcDbSymbolTableRecord
100
AcDbDimStyleTableRecord
  2
ISO-25
 70
     0
 41
2.5
 42
0.625
 43
3.75
 44
1.25
 73
     0
 74
     0
 77
     1
 78
     8
140
2.5
141
2.5
143
0.03937007874016
147
0.625
171
     3
172
     1
271
     2
272
     2
274
     3
278
    44
283
     0
284
     8
340
11
  0
ENDTAB
  0
TABLE
  2
BLOCK_RECORD
  5
1
330
0
100
AcDbSymbolTable
 70
     7
  0
BLOCK_RECORD
  5
1F
102
{ACAD_XDICTIONARY
360
1CE
102
}
330
1
100
AcDbSymbolTableRecord
100
AcDbBlockTableRecord
  2
*Model_Space
340
22
 70
     0
280
     1
281
     0
  0
BLOCK_RECORD
  5
D2
330
1
100
AcDbSymbolTableRecord
100
AcDbBlockTableRecord
  2
*Paper_Space
340
D3
 70
     0
280
     1
281
     0
  0
BLOCK_RECORD
  5
D6
330
1
100
AcDbSymbolTableRecord
100
AcDbBlockTableRecord
  2
*Paper_Space0
340
D7
 70
     0
280
     1
281
     0
  0
BLOCK_RECORD
  5
248
330
1
100
AcDbSymbolTableRecord
100
AcDbBlockTableRecord
  2
A$C742545CE
340
0
 70
     0
280
     1
281
     0
  0
BLOCK_RECORD
  5
1015486
330
1
100
AcDbSymbolTableRecord
100
AcDbBlockTableRecord
  2
*X2
340
0
102
{BLKREFS
331
101550A
102
}
 70
     0
280
     1
281
     0
  0
BLOCK_RECORD
  5
10154AD
330
1
100
AcDbSymbolTableRecord
100
AcDbBlockTableRecord
  2
*X3
340
0
102
{BLKREFS
331
1015509
102
}
 70
     0
280
     1
281
     0
  0
BLOCK_RECORD
  5
10154D3
330
1
100
AcDbSymbolTableRecord
100
AcDbBlockTableRecord
  2
H
340
0
310
2800000020000000200000000100080000000000000400000000000000000000000000000000000000000000000080000080000000808000800000008000800080800000C0C0C000C0DCC000F0CAA6000020400000206000002080000020A0000020C0000020E00000400000004020000040400000406000004080000040A0
310
000040C0000040E00000600000006020000060400000606000006080000060A0000060C0000060E00000800000008020000080400000806000008080000080A0000080C0000080E00000A0000000A0200000A0400000A0600000A0800000A0A00000A0C00000A0E00000C0000000C0200000C0400000C0600000C0800000C0
310
A00000C0C00000C0E00000E0000000E0200000E0400000E0600000E0800000E0A00000E0C00000E0E00040000000400020004000400040006000400080004000A0004000C0004000E00040200000402020004020400040206000402080004020A0004020C0004020E000404000004040200040404000404060004040800040
310
40A0004040C0004040E00040600000406020004060400040606000406080004060A0004060C0004060E00040800000408020004080400040806000408080004080A0004080C0004080E00040A0000040A0200040A0400040A0600040A0800040A0A00040A0C00040A0E00040C0000040C0200040C0400040C0600040C08000
310
40C0A00040C0C00040C0E00040E0000040E0200040E0400040E0600040E0800040E0A00040E0C00040E0E00080000000800020008000400080006000800080008000A0008000C0008000E00080200000802020008020400080206000802080008020A0008020C0008020E00080400000804020008040400080406000804080
310
008040A0008040C0008040E00080600000806020008060400080606000806080008060A0008060C0008060E00080800000808020008080400080806000808080008080A0008080C0008080E00080A0000080A0200080A0400080A0600080A0800080A0A00080A0C00080A0E00080C0000080C0200080C0400080C0600080C0
310
800080C0A00080C0C00080C0E00080E0000080E0200080E0400080E0600080E0800080E0A00080E0C00080E0E000C0000000C0002000C0004000C0006000C0008000C000A000C000C000C000E000C0200000C0202000C0204000C0206000C0208000C020A000C020C000C020E000C0400000C0402000C0404000C0406000C0
310
408000C040A000C040C000C040E000C0600000C0602000C0604000C0606000C0608000C060A000C060C000C060E000C0800000C0802000C0804000C0806000C0808000C080A000C080C000C080E000C0A00000C0A02000C0A04000C0A06000C0A08000C0A0A000C0A0C000C0A0E000C0C00000C0C02000C0C04000C0C06000
310
C0C08000C0C0A000F0FBFF00A4A0A000808080000000FF0000FF000000FFFF00FF000000FF00FF00FFFF0000FFFFFF0000000000000000000000000000000000000000000000000000000000000000000000000000000000000000000000000000000000000000000000000000000000000000000000000000000000000000
310
F9F9F90000000000000000000000000000000000000000000000000000000000F9F9F90000000000000000000000000000000000000000000000000000000000F9F9F9000000000000000000000000000000000000000000000000000000000000A40000000000000000000000000000000000000000000000000000000000
310
00A4A4000000000000000000000000000000000000000000000000000000000000A4A4F90000000000000000000000000000000000000000000000000000000000A4A4F900000000000000000000000000000000000000000000000000000000F9A4A400F90000F9000000000000000000000000000000000000000000F900
310
00A4A4F9F9F9F9F9F900000000000000000000000000000000000000000000F9F9A4A4A4A4A4F9F90000000000000000000000000000000000000000000000F9A4A4A4A4A4A4A4F9F900000000F9F9F90000000000000000F9F900000000F9F9F9A4A4A4A4A4A4F9A4F9F9A400F9F9F9000000000000F9F9F9F900A4A4F9A4
310
F9F9A4A4A4A4A4A4A4A4A4A4F9F9F9F9F900000000000000F9F9F9A4A4A4A4A4A4F9A4A4A4A4A4A4A4A4F9F90000F9F9F9000000000000F9F9F9F9F90000F9A4A4F9A400A4A4A4A4A4F900000000000000000000000000000000000000000000A4F9F9A4A4A4A4F9F900000000000000000000000000000000000000000000
310
0000A4A4A4F9A4F9F900F900000000000000000000000000000000000000000000F9F900F9A4A4A400F9F90000000000000000000000000000000000000000000000000000A4A4A40000000000000000000000000000000000000000000000000000000000A4A4000000000000000000000000000000000000000000000000
310
00000000000000A400000000000000000000000000000000000000000000000000000000000000A40000000000000000000000000000000000000000000000000000000000F9F900F900000000000000000000000000000000000000000000000000000000F9F9F9F9F9000000000000000000000000000000000000000000
310
000000000000F9F900F9F9000000000000000000000000000000000000000000000000000000F90000F9F9000000000000000000000000000000000000000000000000000000F9F900F9F9F9000000000000000000000000000000000000000000000000000000F9F900F9F900000000000000000000000000000000000000
310
0000000000000000F90000000000000000000000000000000000000000000000000000000000000000000000000000000000000000000000
 70
     2
280
     1
281
     0
  0
ENDTAB
  0
ENDSEC
  0
SECTION
  2
BLOCKS
  0
BLOCK
  5
20
330
1F
100
AcDbEntity
  8
0
100
AcDbBlockBegin
  2
*Model_Space
 70
     0
 10
0.0
 20
0.0
 30
0.0
  3
*Model_Space
  1

  0
ENDBLK
  5
21
330
1F
100
AcDbEntity
  8
0
100
AcDbBlockEnd
  0
BLOCK
  5
D4
330
D2
100
AcDbEntity
 67
     1
  8
0
100
AcDbBlockBegin
  2
*Paper_Space
 70
     0
 10
0.0
 20
0.0
 30
0.0
  3
*Paper_Space
  1

  0
ENDBLK
  5
D5
330
D2
100
AcDbEntity
 67
     1
  8
0
100
AcDbBlockEnd
  0
BLOCK
  5
D8
330
D6
100
AcDbEntity
 67
     1
  8
0
100
AcDbBlockBegin
  2
*Paper_Space0
 70
     0
 10
0.0
 20
0.0
 30
0.0
  3
*Paper_Space0
  1

  0
ENDBLK
  5
D9
330
D6
100
AcDbEntity
 67
     1
  8
0
100
AcDbBlockEnd
  0
BLOCK
  5
24A
330
248
100
AcDbEntity
  8
0
100
AcDbBlockBegin
  2
A$C742545CE
 70
     0
 10
0.0
 20
0.0
 30
0.0
  3
A$C742545CE
  1

  0
LWPOLYLINE
  5
249
330
248
100
AcDbEntity
  8
0
  6
Continuous
100
AcDbPolyline
 90
        8
 70
     0
 43
0.0
 10
-3149.706043111655
 20
-23590.32367972494
 10
-2640.098997000692
 20
-23514.57250397489
 10
2027.530662365316
 20
-22707.462570325
 10
2046.637851117324
 20
-20395.74244223488
 10
434.0307770373183
 20
-18177.01561974501
 10
815.6405128053155
 20
-15562.05870885495
 10
-122.1308958407026
 20
-15112.33655025506
 10
-4152.099511073698
 20
-12751.99326724489
  0
ENDBLK
  5
24B
330
248
100
AcDbEntity
  8
0
100
AcDbBlockEnd
  0
BLOCK
  5
1015487
330
1015486
100
AcDbEntity
  8
0
100
AcDbBlockBegin
  2
*X2
 70
     1
 10
0.0
 20
0.0
 30
0.0
  3
*X2
  1

  0
LINE
  5
1015488
330
1015486
100
AcDbEntity
  8
0
  6
Continuous
 62
     0
100
AcDbLine
 10
6326.461967050313
 20
238.9796878153249
 30
0.0
 11
6327.295638662263
 21
239.8133594272768
 31
0.0
  0
LINE
  5
1015489
330
1015486
100
AcDbEntity
  8
0
  6
Continuous
 62
     0
100
AcDbLine
 10
6326.376886890333
 20
239.0713843506422
 30
0.0
 11
6327.21571189838
 21
239.9102093586895
 31
0.0
  0
LINE
  5
101548A
330
1015486
100
AcDbEntity
  8
0
  6
Continuous
 62
     0
100
AcDbLine
 10
6326.291806730353
 20
239.1630808859595
 30
0.0
 11
6327.135785134496
 21
240.0070592901021
 31
0.0
  0
LINE
  5
101548B
330
1015486
100
AcDbEntity
  8
0
  6
Continuous
 62
     0
100
AcDbLine
 10
6326.206726570375
 20
239.2547774212767
 30
0.0
 11
6327.055858370612
 21
240.1039092215148
 31
0.0
  0
LINE
  5
101548C
330
1015486
100
AcDbEntity
  8
0
  6
Continuous
 62
     0
100
AcDbLine
 10
6326.121646410395
 20
239.346473956594
 30
0.0
 11
6326.964114900263
 21
240.1889424464615
 31
0.0
  0
LINE
  5
101548D
330
1015486
100
AcDbEntity
  8
0
  6
Continuous
 62
     0
100
AcDbLine
 10
6326.036566250415
 20
239.4381704919112
 30
0.0
 11
6326.84069913787
 21
240.2423033793674
 31
0.0
  0
LINE
  5
101548E
330
1015486
100
AcDbEntity
  8
0
  6
Continuous
 62
     0
100
AcDbLine
 10
6325.951486090438
 20
239.5298670272285
 30
0.0
 11
6326.717283375479
 21
240.2956643122733
 31
0.0
  0
LINE
  5
101548F
330
1015486
100
AcDbEntity
  8
0
  6
Continuous
 62
     0
100
AcDbLine
 10
6325.852726009729
 20
239.6078836418188
 30
0.0
 11
6326.59386761309
 21
240.3490252451792
 31
0.0
  0
LINE
  5
1015490
330
1015486
100
AcDbEntity
  8
0
  6
Continuous
 62
     0
100
AcDbLine
 10
6325.749189812941
 20
239.6811241403279
 30
0.0
 11
6326.470451850699
 21
240.4023861780851
 31
0.0
  0
LINE
  5
1015491
330
1015486
100
AcDbEntity
  8
0
  6
Continuous
 62
     0
100
AcDbLine
 10
6325.645653616152
 20
239.7543646388371
 30
0.0
 11
6326.347036088308
 21
240.455747110991
 31
0.0
  0
LINE
  5
1015492
330
1015486
100
AcDbEntity
  8
0
  6
Continuous
 62
     0
100
AcDbLine
 10
6325.542117419367
 20
239.8276051373462
 30
0.0
 11
6326.223620325917
 21
240.5091080438968
 31
0.0
  0
LINE
  5
1015493
330
1015486
100
AcDbEntity
  8
0
  6
Continuous
 62
     0
100
AcDbLine
 10
6325.438581222579
 20
239.9008456358553
 30
0.0
 11
6326.100204563527
 21
240.5624689768028
 31
0.0
  0
LINE
  5
1015494
330
1015486
100
AcDbEntity
  8
0
  6
Continuous
 62
     0
100
AcDbLine
 10
6325.335045025791
 20
239.9740861343644
 30
0.0
 11
6325.976788801137
 21
240.6158299097086
 31
0.0
  0
LINE
  5
1015495
330
1015486
100
AcDbEntity
  8
0
  6
Continuous
 62
     0
100
AcDbLine
 10
6325.231508829006
 20
240.0473266328736
 30
0.0
 11
6325.802193986703
 21
240.6180117905725
 31
0.0
  0
LINE
  5
1015496
330
1015486
100
AcDbEntity
  8
0
  6
Continuous
 62
     0
100
AcDbLine
 10
6325.102468559193
 20
240.0950630583588
 30
0.0
 11
6325.626700194168
 21
240.619294693334
 31
0.0
  0
LINE
  5
1015497
330
1015486
100
AcDbEntity
  8
0
  6
Continuous
 62
     0
100
AcDbLine
 10
6324.967056809793
 20
240.1364280042552
 30
0.0
 11
6325.451206401631
 21
240.6205775960955
 31
0.0
  0
LINE
  5
1015498
330
1015486
100
AcDbEntity
  8
0
  6
Continuous
 62
     0
100
AcDbLine
 10
6324.831645060392
 20
240.1777929501517
 30
0.0
 11
6325.228105930546
 21
240.5742538203053
 31
0.0
  0
LINE
  5
1015499
330
1015486
100
AcDbEntity
  8
0
  6
Continuous
 62
     0
100
AcDbLine
 10
6324.696233310993
 20
240.2191578960481
 30
0.0
 11
6324.995436649435
 21
240.5183612344908
 31
0.0
  0
LINE
  5
101549A
330
1015486
100
AcDbEntity
  8
0
  6
Continuous
 62
     0
100
AcDbLine
 10
6324.560821561592
 20
240.2605228419445
 30
0.0
 11
6324.762767368324
 21
240.4624686486762
 31
0.0
  0
LINE
  5
101549B
330
1015486
100
AcDbEntity
  8
0
  6
Continuous
 62
     0
100
AcDbLine
 10
6324.425409812192
 20
240.3018877878409
 30
0.0
 11
6324.530098087212
 21
240.4065760628617
 31
0.0
  0
LINE
  5
101549C
330
1015486
100
AcDbEntity
  8
0
  6
Continuous
 62
     0
100
AcDbLine
 10
6326.547047210292
 20
238.8879912800077
 30
0.0
 11
6327.375565426148
 21
239.7165094958642
 31
0.0
  0
LINE
  5
101549D
330
1015486
100
AcDbEntity
  8
0
  6
Continuous
 62
     0
100
AcDbLine
 10
6326.63212737027
 20
238.7962947446904
 30
0.0
 11
6327.455492190032
 21
239.6196595644516
 31
0.0
  0
LINE
  5
101549E
330
1015486
100
AcDbEntity
  8
0
  6
Continuous
 62
     0
100
AcDbLine
 10
6326.717207530252
 20
238.7045982093731
 30
0.0
 11
6327.535418953916
 21
239.5228096330389
 31
0.0
  0
LINE
  5
101549F
330
1015486
100
AcDbEntity
  8
0
  6
Continuous
 62
     0
100
AcDbLine
 10
6326.7922259285
 20
238.6028399123283
 30
0.0
 11
6327.615345717799
 21
239.4259597016263
 31
0.0
  0
LINE
  5
10154A0
330
1015486
100
AcDbEntity
  8
0
  6
Continuous
 62
     0
100
AcDbLine
 10
6326.838137672734
 20
238.4719749612643
 30
0.0
 11
6327.695272481683
 21
239.3291097702136
 31
0.0
  0
LINE
  5
10154A1
330
1015486
100
AcDbEntity
  8
0
  6
Continuous
 62
     0
100
AcDbLine
 10
6326.884049416967
 20
238.3411100102004
 30
0.0
 11
6327.775199245568
 21
239.2322598388009
 31
0.0
  0
LINE
  5
10154A2
330
1015486
100
AcDbEntity
  8
0
  6
Continuous
 62
     0
100
AcDbLine
 10
6326.9299611612
 20
238.2102450591364
 30
0.0
 11
6327.853734496605
 21
239.1340183945408
 31
0.0
  0
LINE
  5
10154A3
330
1015486
100
AcDbEntity
  8
0
  6
Continuous
 62
     0
100
AcDbLine
 10
6326.975872905432
 20
238.0793801080725
 30
0.0
 11
6327.849127438164
 21
238.952634640804
 31
0.0
  0
LINE
  5
10154A4
330
1015486
100
AcDbEntity
  8
0
  6
Continuous
 62
     0
100
AcDbLine
 10
6327.003134980726
 20
237.9298654880686
 30
0.0
 11
6327.844520379724
 21
238.7712508870674
 31
0.0
  0
LINE
  5
10154A5
330
1015486
100
AcDbEntity
  8
0
  6
Continuous
 62
     0
100
AcDbLine
 10
6327.012515933216
 20
237.7624697452613
 30
0.0
 11
6327.839913321284
 21
238.5898671333306
 31
0.0
  0
LINE
  5
10154A6
330
1015486
100
AcDbEntity
  8
0
  6
Continuous
 62
     0
100
AcDbLine
 10
6327.021896885704
 20
237.5950740024541
 30
0.0
 11
6327.835306262844
 21
238.4084833795939
 31
0.0
  0
LINE
  5
10154A7
330
1015486
100
AcDbEntity
  8
0
  6
Continuous
 62
     0
100
AcDbLine
 10
6327.031277838194
 20
237.4276782596467
 30
0.0
 11
6327.830699204405
 21
238.2270996258572
 31
0.0
  0
LINE
  5
10154A8
330
1015486
100
AcDbEntity
  8
0
  6
Continuous
 62
     0
100
AcDbLine
 10
6327.040658790682
 20
237.2602825168395
 30
0.0
 11
6327.826092145964
 21
238.0457158721205
 31
0.0
  0
LINE
  5
10154A9
330
1015486
100
AcDbEntity
  8
0
  6
Continuous
 62
     0
100
AcDbLine
 10
6327.045082311595
 20
237.087929342456
 30
0.0
 11
6327.810734190695
 21
237.8535812215537
 31
0.0
  0
LINE
  5
10154AA
330
1015486
100
AcDbEntity
  8
0
  6
Continuous
 62
     0
100
AcDbLine
 10
6326.916746160023
 20
236.7828164955863
 30
0.0
 11
6327.582476853366
 21
237.4485471889285
 31
0.0
  0
LINE
  5
10154AB
330
1015486
100
AcDbEntity
  8
0
  6
Continuous
 62
     0
100
AcDbLine
 10
6326.788410008449
 20
236.4777036487165
 30
0.0
 11
6327.354219516038
 21
237.0435131563033
 31
0.0
  0
ENDBLK
  5
10154AC
330
1015486
100
AcDbEntity
  8
0
100
AcDbBlockEnd
  0
BLOCK
  5
10154AE
330
10154AD
100
AcDbEntity
  8
0
100
AcDbBlockBegin
  2
*X3
 70
     1
 10
0.0
 20
0.0
 30
0.0
  3
*X3
  1

  0
LINE
  5
10154AF
330
10154AD
100
AcDbEntity
  8
0
  6
Continuous
 62
     0
100
AcDbLine
 10
6322.184578629422
 20
238.591386690961
 30
0.0
 11
6323.143801654548
 21
239.5506097160875
 31
0.0
  0
LINE
  5
10154B0
330
10154AD
100
AcDbEntity
  8
0
  6
Continuous
 62
     0
100
AcDbLine
 10
6322.098883109307
 20
238.6824678661422
 30
0.0
 11
6323.053951622192
 21
239.637536379026
 31
0.0
  0
LINE
  5
10154B1
330
10154AD
100
AcDbEntity
  8
0
  6
Continuous
 62
     0
100
AcDbLine
 10
6322.013187589192
 20
238.7735490413234
 30
0.0
 11
6322.964101589832
 21
239.7244630419645
 31
0.0
  0
LINE
  5
10154B2
330
10154AD
100
AcDbEntity
  8
0
  6
Continuous
 62
     0
100
AcDbLine
 10
6321.927492069075
 20
238.8646302165046
 30
0.0
 11
6322.874251557474
 21
239.8113897049031
 31
0.0
  0
LINE
  5
10154B3
330
10154AD
100
AcDbEntity
  8
0
  6
Continuous
 62
     0
100
AcDbLine
 10
6321.841796548961
 20
238.9557113916858
 30
0.0
 11
6322.784401525115
 21
239.8983163678416
 31
0.0
  0
LINE
  5
10154B4
330
10154AD
100
AcDbEntity
  8
0
  6
Continuous
 62
     0
100
AcDbLine
 10
6321.756101028846
 20
239.046792566867
 30
0.0
 11
6322.694551492758
 21
239.9852430307802
 31
0.0
  0
LINE
  5
10154B5
330
10154AD
100
AcDbEntity
  8
0
  6
Continuous
 62
     0
100
AcDbLine
 10
6321.670405508729
 20
239.1378737420482
 30
0.0
 11
6322.639312535309
 21
240.1067807686281
 31
0.0
  0
LINE
  5
10154B6
330
10154AD
100
AcDbEntity
  8
0
  6
Continuous
 62
     0
100
AcDbLine
 10
6321.563175437702
 20
239.2074203663178
 30
0.0
 11
6322.581924588794
 21
240.2261695174094
 31
0.0
  0
LINE
  5
10154B7
330
10154AD
100
AcDbEntity
  8
0
  6
Continuous
 62
     0
100
AcDbLine
 10
6321.571094283616
 20
239.3921159075293
 30
0.0
 11
6322.524536642279
 21
240.3455582661906
 31
0.0
  0
LINE
  5
10154B8
330
10154AD
100
AcDbEntity
  8
0
  6
Continuous
 62
     0
100
AcDbLine
 10
6321.579013129531
 20
239.5768114487408
 30
0.0
 11
6322.467148695763
 21
240.4649470149719
 31
0.0
  0
LINE
  5
10154B9
330
10154AD
100
AcDbEntity
  8
0
  6
Continuous
 62
     0
100
AcDbLine
 10
6321.586931975446
 20
239.7615069899523
 30
0.0
 11
6322.409760749247
 21
240.5843357637531
 31
0.0
  0
LINE
  5
10154BA
330
10154AD
100
AcDbEntity
  8
0
  6
Continuous
 62
     0
100
AcDbLine
 10
6321.594850821361
 20
239.9462025311638
 30
0.0
 11
6322.352372802733
 21
240.7037245125344
 31
0.0
  0
LINE
  5
10154BB
330
10154AD
100
AcDbEntity
  8
0
  6
Continuous
 62
     0
100
AcDbLine
 10
6321.602769667276
 20
240.1308980723753
 30
0.0
 11
6322.294984856217
 21
240.8231132613157
 31
0.0
  0
LINE
  5
10154BC
330
10154AD
100
AcDbEntity
  8
0
  6
Continuous
 62
     0
100
AcDbLine
 10
6321.610688513191
 20
240.3155936135868
 30
0.0
 11
6322.322610836808
 21
241.0275159372032
 31
0.0
  0
LINE
  5
10154BD
330
10154AD
100
AcDbEntity
  8
0
  6
Continuous
 62
     0
100
AcDbLine
 10
6321.618607359106
 20
240.5002891547983
 30
0.0
 11
6322.339575221931
 21
241.2212570176224
 31
0.0
  0
LINE
  5
10154BE
330
10154AD
100
AcDbEntity
  8
0
  6
Continuous
 62
     0
100
AcDbLine
 10
6321.76702528351
 20
240.8254837745006
 30
0.0
 11
6322.356539607053
 21
241.4149980980416
 31
0.0
  0
LINE
  5
10154BF
330
10154AD
100
AcDbEntity
  8
0
  6
Continuous
 62
     0
100
AcDbLine
 10
6322.075863133939
 20
241.3110983202248
 30
0.0
 11
6322.373503992174
 21
241.6087391784607
 31
0.0
  0
LINE
  5
10154C0
330
10154AD
100
AcDbEntity
  8
0
  6
Continuous
 62
     0
100
AcDbLine
 10
6322.270274149539
 20
238.5003055157798
 30
0.0
 11
6323.233651686905
 21
239.463683053149
 31
0.0
  0
LINE
  5
10154C1
330
10154AD
100
AcDbEntity
  8
0
  6
Continuous
 62
     0
100
AcDbLine
 10
6322.405772691617
 20
238.4590273625623
 30
0.0
 11
6323.316199320379
 21
239.3694539913254
 31
0.0
  0
LINE
  5
10154C2
330
10154AD
100
AcDbEntity
  8
0
  6
Continuous
 62
     0
100
AcDbLine
 10
6322.536564177177
 20
238.4130421528257
 30
0.0
 11
6323.436926723143
 21
239.3134046987924
 31
0.0
  0
LINE
  5
10154C3
330
10154AD
100
AcDbEntity
  8
0
  6
Continuous
 62
     0
100
AcDbLine
 10
6322.667355662737
 20
238.3670569430892
 30
0.0
 11
6323.557654125907
 21
239.2573554062594
 31
0.0
  0
LINE
  5
10154C4
330
10154AD
100
AcDbEntity
  8
0
  6
Continuous
 62
     0
100
AcDbLine
 10
6322.798147148297
 20
238.3210717333526
 30
0.0
 11
6323.678381528671
 21
239.2013061137264
 31
0.0
  0
LINE
  5
10154C5
330
10154AD
100
AcDbEntity
  8
0
  6
Continuous
 62
     0
100
AcDbLine
 10
6322.928938633857
 20
238.2750865236161
 30
0.0
 11
6323.799108931435
 21
239.1452568211934
 31
0.0
  0
LINE
  5
10154C6
330
10154AD
100
AcDbEntity
  8
0
  6
Continuous
 62
     0
100
AcDbLine
 10
6323.059730119417
 20
238.2291013138795
 30
0.0
 11
6323.919836334198
 21
239.0892075286604
 31
0.0
  0
LINE
  5
10154C7
330
10154AD
100
AcDbEntity
  8
0
  6
Continuous
 62
     0
100
AcDbLine
 10
6323.190521604978
 20
238.183116104143
 30
0.0
 11
6324.040563736961
 21
239.0331582361274
 31
0.0
  0
LINE
  5
10154C8
330
10154AD
100
AcDbEntity
  8
0
  6
Continuous
 62
     0
100
AcDbLine
 10
6323.334898284247
 20
238.1507160881169
 30
0.0
 11
6324.161291139725
 21
238.9771089435944
 31
0.0
  0
LINE
  5
10154C9
330
10154AD
100
AcDbEntity
  8
0
  6
Continuous
 62
     0
100
AcDbLine
 10
6323.500484499982
 20
238.1395256085543
 30
0.0
 11
6324.282018542488
 21
238.9210596510614
 31
0.0
  0
LINE
  5
10154CA
330
10154AD
100
AcDbEntity
  8
0
  6
Continuous
 62
     0
100
AcDbLine
 10
6323.666070715717
 20
238.1283351289918
 30
0.0
 11
6324.389078986147
 21
238.8513433994241
 31
0.0
  0
LINE
  5
10154CB
330
10154AD
100
AcDbEntity
  8
0
  6
Continuous
 62
     0
100
AcDbLine
 10
6323.83165693145
 20
238.1171446494292
 30
0.0
 11
6324.558435473548
 21
238.8439231915289
 31
0.0
  0
LINE
  5
10154CC
330
10154AD
100
AcDbEntity
  8
0
  6
Continuous
 62
     0
100
AcDbLine
 10
6324.097210919775
 20
238.2059219424567
 30
0.0
 11
6324.727791960951
 21
238.8365029836336
 31
0.0
  0
LINE
  5
10154CD
330
10154AD
100
AcDbEntity
  8
0
  6
Continuous
 62
     0
100
AcDbLine
 10
6324.341779298862
 20
238.2737136262468
 30
0.0
 11
6324.897148448354
 21
238.8290827757383
 31
0.0
  0
LINE
  5
10154CE
330
10154AD
100
AcDbEntity
  8
0
  6
Continuous
 62
     0
100
AcDbLine
 10
6324.586347677946
 20
238.341505310037
 30
0.0
 11
6325.066504935755
 21
238.821662567843
 31
0.0
  0
LINE
  5
10154CF
330
10154AD
100
AcDbEntity
  8
0
  6
Continuous
 62
     0
100
AcDbLine
 10
6324.830916057035
 20
238.4092969938271
 30
0.0
 11
6325.235861423156
 21
238.8142423599477
 31
0.0
  0
LINE
  5
10154D0
330
10154AD
100
AcDbEntity
  8
0
  6
Continuous
 62
     0
100
AcDbLine
 10
6325.075484436121
 20
238.4770886776172
 30
0.0
 11
6325.405217910557
 21
238.8068221520524
 31
0.0
  0
LINE
  5
10154D1
330
10154AD
100
AcDbEntity
  8
0
  6
Continuous
 62
     0
100
AcDbLine
 10
6325.401209342145
 20
238.6260368883443
 30
0.0
 11
6325.574574397958
 21
238.799401944157
 31
0.0
  0
ENDBLK
  5
10154D2
330
10154AD
100
AcDbEntity
  8
0
100
AcDbBlockEnd
  0
BLOCK
  5
10154D4
330
10154D3
100
AcDbEntity
  8
0
 62
     1
100
AcDbBlockBegin
  2
H
 70
     0
 10
0.0
 20
0.0
 30
0.0
  3
H
  1

  0
LWPOLYLINE
  5
10154D5
330
10154D3
100
AcDbEntity
  8
bord
100
AcDbPolyline
 90
        2
 70
     1
 43
9.790343035347762
 38
-1212.142843617219
 10
-180.1423226412179
 20
617.9784816729323
 42
1.0
 10
-173.0803872516441
 20
611.1976347345652
 42
1.0
210
0.0004278845142638
220
0.0047919789090318
230
0.99998842685952
  0
LWPOLYLINE
  5
10154D6
330
10154D3
100
AcDbEntity
  8
bord
100
AcDbPolyline
 90
        2
 70
     1
 43
9.790343035347762
 38
-1212.142843617223
 10
-177.8339587833615
 20
666.8757400336996
 42
1.0
 10
-170.7720233739972
 20
660.0948930920731
 42
1.0
210
0.0004278845142638
220
0.0047919789090318
230
0.99998842685952
  0
CIRCLE
  5
10154D7
330
10154D3
100
AcDbEntity
  8
bord
100
AcDbCircle
 10
-176.6113549475951
 20
614.5880582008384
 30
-1212.142843617227
 40
9.7903430353479
210
0.0004278845142638
220
0.0047919789090318
230
0.99998842685952
  0
CIRCLE
  5
10154D8
330
10154D3
100
AcDbEntity
  8
bord
100
AcDbCircle
 10
-174.3029910778062
 20
663.4853165630025
 30
-1212.142843617225
 40
9.7903430353479
210
0.0004278845142638
220
0.0047919789090318
230
0.99998842685952
  0
SOLID
  5
10154D9
330
10154D3
100
AcDbEntity
  8
bord
100
AcDbTrace
 10
-193.4002216503151
 20
674.1881137788833
 30
-1212.142843617225
 11
-196.6319310673211
 21
605.7319520774413
 31
-1212.142843617225
 12
-212.9591249906118
 22
675.1114593302474
 32
-1212.142843617225
 13
-216.1908344065701
 23
606.6552976257785
 33
-1212.142843617225
210
0.0004278845142638
220
0.0047919789090318
230
0.99998842685952
  0
LINE
  5
10154DA
330
10154D3
100
AcDbEntity
  8
bord
100
AcDbLine
 10
-197.1518122339039
 20
599.9164343632291
 30
-1214.947333066632
 11
-193.9202434780891
 21
668.3718100786209
 31
-1215.276756333961
210
0.0004278845142638
220
0.0047919789090318
230
0.99998842685952
  0
LINE
  5
10154DB
330
10154D3
100
AcDbEntity
  8
bord
100
AcDbLine
 10
-213.4791469212505
 20
669.2951450282706
 30
-1215.272811938016
 11
-216.710715676134
 21
600.8397693103177
 31
-1214.943388670676
210
0.0004278845142638
220
0.0047919789090318
230
0.99998842685952
  0
LINE
  5
10154DC
330
10154D3
100
AcDbEntity
  8
bord
100
AcDbLine
 10
-372.5144706616993
 20
647.363318458898
 30
-1215.099664331546
 11
-246.0730746499612
 21
641.3942844460252
 31
-1215.12516345687
210
0.0004278845142638
220
0.0047919789090318
230
0.99998842685952
  0
HATCH
  5
10154DD
330
10154D3
100
AcDbEntity
  8
bord
 62
     8
100
AcDbHatch
 10
0.0
 20
0.0
 30
-1212.142843617229
210
0.0004278845142638
220
0.0047919789090318
230
0.99998842685952
  2
LINE
 70
     0
 71
     0
 91
        1
 92
        7
 72
     1
 73
     1
 93
        3
 10
-245.5531129193259
 20
647.210278397426
 42
0.0
 10
-371.9945082624909
 20
653.1793809449299
 42
-0.0909920464487811
 10
-382.3518902289217
 20
608.6751392250882
 42
0.0
 97
        0
 75
     0
 76
     1
 52
-92.70288685126052
 41
84.38768555040303
 77
     0
 78
     1
 53
267.2971131487395
 43
-8720374.938335901
 44
50637915.13839893
 45
10.53672553373347
 46
-0.4974314379093613
 79
     0
 47
0.0072800891824363
 98
        1
 10
-354.4863485840615
 20
631.2308976587374
  0
LINE
  5
10154DE
330
10154D3
100
AcDbEntity
  8
bord
100
AcDbLine
 10
-378.6332729603746
 20
692.6448510554619
 30
-1215.314036820931
 11
-246.0730746499612
 21
641.3942844460252
 31
-1215.12516345687
210
0.0004278845142638
220
0.0047919789090318
230
0.99998842685952
  0
LINE
  5
10154DF
330
10154D3
100
AcDbEntity
  8
bord
100
AcDbLine
 10
-246.0730746499612
 20
641.3942844460252
 30
-1215.12516345687
 11
-382.8717604242847
 21
602.8595877182668
 31
-1214.881969149148
210
0.0004278845142638
220
0.0047919789090318
230
0.99998842685952
  0
LWPOLYLINE
  5
10154E0
330
10154D3
100
AcDbEntity
  8
bord
100
AcDbPolyline
 90
        2
 70
     0
 43
1.60540055982536
 38
-1212.142843617219
 10
-522.0131121619479
 20
959.5507752592281
 10
-515.7175743466117
 20
1092.906934415961
210
0.0004278845142638
220
0.0047919789090318
230
0.99998842685952
  0
CIRCLE
  5
10154E1
330
10154D3
100
AcDbEntity
  8
bord
100
AcDbCircle
 10
-524.9919919744626
 20
944.4104457636143
 30
-1212.142843617225
 40
14.83385308386045
210
0.0004278845142638
220
0.0047919789090318
230
0.99998842685952
  0
LWPOLYLINE
  5
10154E2
330
10154D3
100
AcDbEntity
  8
bord
100
AcDbPolyline
 90
        2
 70
     1
 43
14.83385308386026
 38
-1212.142843617222
 10
-530.3419430367337
 20
949.5474510251249
 42
1.0
 10
-519.6420409089901
 20
939.273440510486
 42
1.0
210
0.0004278845142638
220
0.0047919789090318
230
0.99998842685952
  0
LWPOLYLINE
  5
10154E3
330
10154D3
100
AcDbEntity
  8
bord
100
AcDbPolyline
 90
        2
 70
     0
 43
1.60540055982536
 38
-1212.142843617219
 10
-434.1582623634719
 20
933.1277235058804
 10
-427.8627245295094
 20
1066.483882669366
210
0.0004278845142638
220
0.0047919789090318
230
0.99998842685952
  0
LINE
  5
10154E4
330
10154D3
100
AcDbEntity
  8
bord
100
AcDbLine
 10
-519.3860571105615
 20
1020.408509141765
 30
-1216.824464901347
 11
-434.678793075087
 21
927.3084467682055
 31
-1216.414571548796
210
0.0004278845142638
220
0.0047919789090318
230
0.99998842685952
  0
LINE
  5
10154E5
330
10154D3
100
AcDbEntity
  8
bord
  6
ByBlock
 62
     8
100
AcDbLine
 10
-419.7993998112506
 20
554.5543218990786
 30
-1214.634687707282
 11
-587.06565113744
 21
562.4504701336844
 31
-1214.600954853988
210
0.0004278845142638
220
0.0047919789090318
230
0.99998842685952
  0
SOLID
  5
10154E6
330
10154D3
100
AcDbEntity
  8
bord
100
AcDbTrace
 10
-515.7175743148886
 20
1092.906934417125
 30
-1212.142843617227
 11
-431.0104934413977
 21
999.805803086226
 31
-1212.142843617227
 12
-518.8653432401062
 22
1026.22885483189
 32
-1212.142843617227
 13
-434.1582623484543
 23
933.1277235084415
 33
-1212.142843617227
210
0.0004278845142638
220
0.0047919789090318
230
0.99998842685952
  0
LINE
  5
10154E7
330
10154D3
100
AcDbEntity
  8
bord
100
AcDbLine
 10
-516.2384251924812
 20
1087.085823155939
 30
-1217.145331720205
 11
-431.5311611755169
 21
993.985760774929
 31
-1216.735438367611
210
0.0004278845142638
220
0.0047919789090318
230
0.99998842685952
  0
LINE
  5
10154E8
330
10154D3
100
AcDbEntity
  8
bord
100
AcDbLine
 10
-626.736305744329
 20
793.7732813858892
 30
-1215.692487060367
 11
-566.8113496634759
 21
760.1895317081361
 31
-1215.557193835181
210
0.0004278845142638
220
0.0047919789090318
230
0.99998842685952
  0
LINE
  5
10154E9
330
10154D3
100
AcDbEntity
  8
bord
100
AcDbLine
 10
-626.736305744329
 20
793.7732813858892
 30
-1215.692487060367
 11
-584.1428260545362
 21
746.9596384149045
 31
-1215.486379775654
210
0.0004278845142638
220
0.0047919789090318
230
0.99998842685952
  0
LINE
  5
10154EA
330
10154D3
100
AcDbEntity
  8
bord
100
AcDbLine
 10
-598.9467464847838
 20
730.9517588270828
 30
-1215.403335024899
 11
-626.736305744329
 21
793.7732813858892
 31
-1215.692487060367
210
0.0004278845142638
220
0.0047919789090318
230
0.99998842685952
  0
LINE
  5
10154EB
330
10154D3
100
AcDbEntity
  8
bord
  6
ByBlock
 62
     8
100
AcDbLine
 10
-410.8462962137418
 20
744.2142448802477
 30
-1215.547375515144
 11
-578.1125475389997
 21
752.110393114388
 31
-1215.51364266185
210
0.0004278845142638
220
0.0047919789090318
230
0.99998842685952
  0
LINE
  5
10154EC
330
10154D3
100
AcDbEntity
  8
bord
  6
ByBlock
 62
     8
100
AcDbLine
 10
-392.4388761268346
 20
584.9431407540103
 30
-1214.792019251512
 11
-611.441806967312
 21
595.2816256079822
 31
-1214.747852579052
210
0.0004278845142638
220
0.0047919789090318
230
0.99998842685952
  0
LINE
  5
10154ED
330
10154D3
100
AcDbEntity
  8
bord
  6
ByBlock
 62
     8
100
AcDbLine
 10
-386.4701403837535
 20
711.3830894059502
 30
-1215.400477790083
 11
-605.4730712235322
 21
721.7215742594561
 31
-1215.35631111762
210
0.0004278845142638
220
0.0047919789090318
230
0.99998842685952
  0
LINE
  5
10154EE
330
10154D3
100
AcDbEntity
  8
bord
100
AcDbLine
 10
-538.2690597721956
 20
773.6536562892142
 30
-1215.633927328097
 11
-487.0181812191731
 21
906.2122396556659
 31
-1216.291082326422
210
0.0004278845142638
220
0.0047919789090318
230
0.99998842685952
  0
LINE
  5
10154EF
330
10154D3
100
AcDbEntity
  8
bord
100
AcDbLine
 10
-487.0181812191731
 20
906.2122396556659
 30
-1216.291082326422
 11
-448.4827650671941
 21
769.4150330077391
 31
-1215.652034309381
210
0.0004278845142638
220
0.0047919789090318
230
0.99998842685952
  0
LINE
  5
10154F0
330
10154D3
100
AcDbEntity
  8
bord
100
AcDbLine
 10
-487.0181812191731
 20
906.2122396556659
 30
-1216.291082326422
 11
-492.9870239489828
 21
779.7722960542887
 31
-1215.682623766277
210
0.0004278845142638
220
0.0047919789090318
230
0.99998842685952
  0
LWPOLYLINE
  5
10154F1
330
10154D3
100
AcDbEntity
  8
bord
100
AcDbPolyline
 90
        2
 70
     1
 43
22.25077962579039
 38
-1212.14284361722
 10
-413.6616245851993
 20
1073.140134249887
 42
1.0
 10
-397.6117714248124
 20
1057.729118476532
 42
1.0
210
0.0004278845142638
220
0.0047919789090318
230
0.99998842685952
  0
CIRCLE
  5
10154F2
330
10154D3
100
AcDbEntity
  8
bord
100
AcDbCircle
 10
-405.6366979898718
 20
1065.434626361347
 30
-1212.142843617228
 40
22.25077962579068
210
0.0004278845142638
220
0.0047919789090318
230
0.99998842685952
  0
HATCH
  5
10154F3
330
10154D3
100
AcDbEntity
  8
bord
 62
     8
100
AcDbHatch
 10
0.0
 20
0.0
 30
-1212.142843617229
210
0.0004278845142638
220
0.0047919789090318
230
0.99998842685952
  2
LINE
 70
     0
 71
     0
 91
        1
 92
        7
 72
     1
 73
     1
 93
        3
 10
-492.4668010775929
 20
785.5898788240738
 42
-0.090992046448718
 10
-447.9625593584496
 20
775.2324968557805
 42
0.0
 10
-486.4976985411486
 20
912.0312741750383
 42
0.0
 97
        0
 75
     0
 76
     1
 52
-2.702886851260514
 41
84.38768555040303
 77
     0
 78
     1
 53
357.2971131487395
 43
-8720374.938335901
 44
50637915.13839893
 45
0.4974314379093602
 46
10.53672553373347
 79
     0
 47
0.0072800891824363
 98
        1
 10
-483.536371546099
 20
815.8956464794464
  0
LINE
  5
10154F4
330
10154D3
100
AcDbEntity
  8
bord
100
AcDbLine
 10
-358.5136001041974
 20
781.1110481221693
 30
-1215.746578873753
 11
-392.0976094479556
 21
721.1868434431963
 31
-1215.445049781628
210
0.0004278845142638
220
0.0047919789090318
230
0.99998842685952
  0
LINE
  5
10154F5
330
10154D3
100
AcDbEntity
  8
bord
100
AcDbLine
 10
-421.3357812265748
 20
753.3219341966322
 30
-1215.586531535218
 11
-358.5136001041974
 21
781.1110481221693
 31
-1215.746578873753
210
0.0004278845142638
220
0.0047919789090318
230
0.99998842685952
  0
LINE
  5
10154F6
330
10154D3
100
AcDbEntity
  8
bord
100
AcDbLine
 10
-358.5136001041974
 20
781.1110481221693
 30
-1215.746578873753
 11
-405.3276889660046
 21
738.5181495659053
 31
-1215.522440984546
210
0.0004278845142638
220
0.0047919789090318
230
0.99998842685952
  0
ARC
  5
10154F7
330
10154D3
100
AcDbEntity
  8
bord
  6
ByBlock
 62
     8
100
AcDbCircle
 10
-481.5018944916619
 20
658.3490694805806
 30
-1212.142843617225
 40
127.7124113124745
210
0.0004278845142638
220
0.0047919789090318
230
0.99998842685952
100
AcDbArc
 50
94.925359787212
 51
259.6690604518324
  0
ARC
  5
10154F8
330
10154D3
100
AcDbEntity
  8
bord
  6
ByBlock
 62
     8
100
AcDbCircle
 10
-436.7958279077625
 20
656.2386032006531
 30
-1212.142843617224
 40
140.8227119427793
210
0.0004278845142638
220
0.0047919789090318
230
0.99998842685952
100
AcDbArc
 50
113.2864437035868
 51
241.3079765329169
  0
ARC
  5
10154F9
330
10154D3
100
AcDbEntity
  8
bord
  6
ByBlock
 62
     8
100
AcDbCircle
 10
-315.8862391595548
 20
650.5307512261786
 30
-1212.142843617227
 40
222.3100112361417
210
0.0004278845142638
220
0.0047919789090318
230
0.99998842685952
100
AcDbArc
 50
142.5891607921547
 51
212.0052594442485
  0
LINE
  5
10154FA
330
10154D3
100
AcDbEntity
  8
bord
  6
ByBlock
 62
     8
100
AcDbLine
 10
-492.9872379411825
 20
779.772306161467
 30
-1215.682623723144
 11
-504.924709409417
 21
526.8924088519996
 31
-1214.465706645988
210
0.0004278845142638
220
0.0047919789090318
230
0.99998842685952
  0
ARC
  5
10154FB
330
10154D3
100
AcDbEntity
  8
bord
  6
ByBlock
 62
     8
100
AcDbCircle
 10
-560.0761933124097
 20
662.0583738566747
 30
-1212.142843617224
 40
140.8227119427793
210
0.0004278845142638
220
0.0047919789090318
230
0.99998842685952
100
AcDbArc
 50
293.2864437035868
 51
61.30797653291689
  0
ARC
  5
10154FC
330
10154D3
100
AcDbEntity
  8
bord
  6
ByBlock
 62
     8
100
AcDbCircle
 10
-680.9857820597443
 20
667.7662258302183
 30
-1212.142843617227
 40
222.3100112361417
210
0.0004278845142638
220
0.0047919789090318
230
0.99998842685952
100
AcDbArc
 50
322.5891607921548
 51
32.00525944424855
  0
ARC
  5
10154FD
330
10154D3
100
AcDbEntity
  8
bord
  6
ByBlock
 62
     8
100
AcDbCircle
 10
-515.3701267285685
 20
659.9479075753505
 30
-1212.142843617227
 40
127.7124113124745
210
0.0004278845142638
220
0.0047919789090318
230
0.99998842685952
100
AcDbArc
 50
274.925359787212
 51
79.66906045183243
  0
LINE
  5
10154FE
330
10154D3
100
AcDbEntity
  8
bord
100
AcDbLine
 10
-510.8935521394595
 20
400.4524652508552
 30
-1213.857248085843
 11
-549.4289682914386
 21
537.2496718976179
 31
-1214.496296102879
210
0.0004278845142638
220
0.0047919789090318
230
0.99998842685952
  0
LINE
  5
10154FF
330
10154D3
100
AcDbEntity
  8
bord
100
AcDbLine
 10
-459.6426735860878
 20
533.0110486173071
 30
-1214.514403084168
 11
-510.8935521394595
 21
400.4524652508552
 31
-1213.857248085843
210
0.0004278845142638
220
0.0047919789090318
230
0.99998842685952
  0
LINE
  5
1015500
330
10154D3
100
AcDbEntity
  8
bord
100
AcDbLine
 10
-504.924709409417
 20
526.8924088519996
 30
-1214.465706645988
 11
-510.8935521394595
 21
400.4524652508552
 31
-1213.857248085843
210
0.0004278845142638
220
0.0047919789090318
230
0.99998842685952
  0
LWPOLYLINE
  5
1015501
330
10154D3
100
AcDbEntity
  8
bord
100
AcDbPolyline
 90
        2
 70
     1
 43
11.05656073458608
 38
-1212.142843617215
 10
-489.8397168474217
 20
361.7280028313067
 42
1.0
 10
-498.0671858660056
 20
369.1142257457324
 42
1.0
210
0.0004278845142638
220
0.0047919789090318
230
0.99998842685952
  0
LWPOLYLINE
  5
1015502
330
10154D3
100
AcDbEntity
  8
bord
100
AcDbPolyline
 90
        7
 70
     0
 43
0.0
 38
-1212.142843617221
 10
-522.4539065143927
 20
347.5728294925347
 10
-526.194983521159
 20
353.7751140225195
 10
-527.7518298353393
 20
360.6227161141025
 10
-527.9156661629891
 20
370.6019260344024
 10
-525.8991041315981
 20
375.4503632916039
 10
-521.3202371541028
 20
381.1640017041664
 10
-514.5251386848046
 20
384.3718976443917
210
0.0004278845142638
220
0.0047919789090318
230
0.99998842685952
  0
CIRCLE
  5
1015503
330
10154D3
100
AcDbEntity
  8
bord
100
AcDbCircle
 10
-493.9534513636986
 20
365.4211142832808
 30
-1212.142843617226
 40
11.05656073458623
210
0.0004278845142638
220
0.0047919789090318
230
0.99998842685952
  0
LWPOLYLINE
  5
1015504
330
10154D3
100
AcDbEntity
  8
bord
100
AcDbPolyline
 90
        6
 70
     0
 43
0.0
 38
-1212.142843617219
 10
-504.8555995545783
 20
306.8996049665206
 10
-499.0047943263154
 20
312.3708361831504
 10
-496.9585419834796
 20
319.3942984564654
 10
-497.4612851235931
 20
326.5275708001649
 10
-501.2415295758962
 20
335.3559093211365
 10
-509.2361390522836
 20
343.1915685721062
210
0.0004278845142638
220
0.0047919789090318
230
0.99998842685952
  0
LWPOLYLINE
  5
1015505
330
10154D3
100
AcDbEntity
  8
bord
100
AcDbPolyline
 90
       20
 70
     0
 43
0.0
 38
-1212.142843617219
 10
-537.0436544864714
 20
317.3909783906986
 10
-530.6867718399538
 20
310.4778530870033
 10
-519.7848077441001
 20
306.8033377354246
 10
-504.8555995545783
 20
306.8996049665206
 10
-493.8614930827364
 20
309.9751672386152
 10
-486.3299612487816
 20
317.6739007300387
 10
-486.5193926708705
 20
325.7780890813514
 10
-490.6180678635315
 20
333.2605072774198
 10
-493.5031616341619
 20
336.2254691210802
 10
-502.816804350885
 20
340.8534958871466
 10
-522.4580017436219
 20
347.2728260433129
 10
-530.4257294404489
 20
351.5824209563287
 10
-533.6858260648523
 20
354.5525017987892
 10
-537.4013079778782
 20
362.629807892173
 10
-536.9549017110166
 20
373.3508360361672
 10
-530.0284934418471
 20
380.682755617228
 10
-520.0052991440441
 20
384.0716307398478
 10
-503.5000552259425
 20
384.2213990291512
 10
-492.5323047870549
 20
379.8708521119993
 10
-487.1463343054379
 20
373.2710396641843
210
0.0004278845142638
220
0.0047919789090318
230
0.99998842685952
  0
LWPOLYLINE
  5
1015506
330
10154D3
100
AcDbEntity
  8
bord
100
AcDbPolyline
 90
        2
 70
     1
 43
11.05656073458608
 38
-1212.142843617218
 10
-525.1949096693778
 20
321.5505605205688
 42
1.0
 10
-533.4223786795214
 20
328.9367834347616
 42
1.0
210
0.0004278845142638
220
0.0047919789090318
230
0.99998842685952
  0
CIRCLE
  5
1015507
330
10154D3
100
AcDbEntity
  8
bord
100
AcDbCircle
 10
-529.3086441806488
 20
325.2436719765011
 30
-1212.142843617227
 40
11.05656073458623
210
0.0004278845142638
220
0.0047919789090318
230
0.99998842685952
  0
HATCH
  5
1015508
330
10154D3
100
AcDbEntity
  8
bord
 62
     8
100
AcDbHatch
 10
0.0
 20
0.0
 30
-1212.142843617229
210
0.0004278845142638
220
0.0047919789090318
230
0.99998842685952
  2
LINE
 70
     0
 71
     0
 91
        1
 92
        7
 72
     1
 73
     1
 93
        3
 10
-504.4050061509478
 20
532.7070881242398
 42
-0.090992046448718
 10
-548.909247870557
 20
543.0644700927659
 42
0.0
 10
-510.3741086877416
 20
406.2656927765346
 42
0.0
 97
        0
 75
     0
 76
     1
 52
-2.702886851260514
 41
84.38768555040303
 77
     0
 78
     1
 53
357.2971131487395
 43
-8720374.938335901
 44
50637915.13839893
 45
0.4974314379093602
 46
10.53672553373347
 79
     0
 47
0.0072800891824363
 98
        1
 10
-517.14497723605
 20
494.820398188196
  0
INSERT
  5
1015509
330
10154D3
100
AcDbEntity
  8
bord
100
AcDbBlockReference
  2
*X3
 10
38314.39702652739
 20
-31950.87734303279
 30
-1212.142843617221
 41
7.977342409717545
 42
7.977342409717545
 43
7.977342409717545
 50
138.0840426661453
210
0.0004278845142638
220
0.0047919789090318
230
0.99998842685952
1001
ACAD
1000
HATCH
1002
{
1070
    16
1000
ANSI31
1040
1.0
1040
0.0
1002
}
  0
INSERT
  5
101550A
330
10154D3
100
AcDbEntity
  8
bord
100
AcDbBlockReference
  2
*X2
 10
38300.50170925956
 20
-31929.38484708802
 30
-1212.14284361722
 41
7.977342409717545
 42
7.977342409717545
 43
7.977342409717545
 50
138.0840426661453
210
0.0004278845142638
220
0.0047919789090318
230
0.99998842685952
1001
ACAD
1000
HATCH
1002
{
1070
    16
1000
ANSI31
1040
1.0
1040
0.0
1002
}
  0
LINE
  5
101550B
330
10154D3
100
AcDbEntity
  8
bord
100
AcDbLine
 10
-576.5759521321743
 20
553.3427707091905
 30
-1214.561798877043
 11
-639.3981332543188
 21
525.5536567845846
 31
-1214.401751538512
210
0.0004278845142638
220
0.0047919789090318
230
0.99998842685952
  0
LINE
  5
101550C
330
10154D3
100
AcDbEntity
  8
bord
100
AcDbLine
 10
-639.3981332543188
 20
525.5536567845846
 30
-1214.401751538512
 11
-592.5840443923952
 21
568.1465553403832
 31
-1214.625889427719
210
0.0004278845142638
220
0.0047919789090318
230
0.99998842685952
  0
LINE
  5
101550D
330
10154D3
100
AcDbEntity
  8
bord
100
AcDbLine
 10
-639.3981332543188
 20
525.5536567845846
 30
-1214.401751538512
 11
-605.8141239105607
 21
585.4778614635579
 31
-1214.703280630637
210
0.0004278845142638
220
0.0047919789090318
230
0.99998842685952
  0
LINE
  5
101550E
330
10154D3
100
AcDbEntity
  8
bord
  6
ByBlock
 62
     8
100
AcDbLine
 10
-372.5145726100891
 20
647.3634304928127
 30
-1215.099664824794
 11
-625.3973747401613
 21
659.3012845208867
 31
-1215.04866554434
210
0.0004278845142638
220
0.0047919789090318
230
0.99998842685952
  0
LINE
  5
101550F
330
10154D3
100
AcDbEntity
  8
bord
  6
ByBlock
 62
     8
100
AcDbLine
 10
-378.0217974673143
 20
615.9429816137999
 30
-1214.946740470405
 11
-622.87451776542
 21
627.5017590741628
 31
-1214.897360629442
210
0.0004278845142638
220
0.0047919789090318
230
0.99998842685952
  0
LINE
  5
1015510
330
10154D3
100
AcDbEntity
  8
bord
  6
ByBlock
 62
     8
100
AcDbLine
 10
-375.037429585529
 20
679.1629559395369
 30
-1215.250969739694
 11
-619.8901498829362
 21
690.7217333998995
 31
-1215.201589898728
210
0.0004278845142638
220
0.0047919789090318
230
0.99998842685952
  0
LINE
  5
1015511
330
10154D3
100
AcDbEntity
  8
bord
100
AcDbLine
 10
-371.1754276144202
 20
512.8914235194677
 30
-1214.455843351893
 11
-413.7689073036308
 21
559.7050664918497
 31
-1214.661950636612
210
0.0004278845142638
220
0.0047919789090318
230
0.99998842685952
  0
LINE
  5
1015512
330
10154D3
100
AcDbEntity
  8
bord
100
AcDbLine
 10
-398.9649868734996
 20
575.7129460782744
 30
-1214.74499538736
 11
-371.1754276144202
 21
512.8914235194677
 31
-1214.455843351893
210
0.0004278845142638
220
0.0047919789090318
230
0.99998842685952
  0
LINE
  5
1015513
330
10154D3
100
AcDbEntity
  8
bord
100
AcDbLine
 10
-371.1754276144202
 20
512.8914235194677
 30
-1214.455843351893
 11
-431.1003836950403
 21
546.4751731986178
 31
-1214.591136577085
210
0.0004278845142638
220
0.0047919789090318
230
0.99998842685952
  0
CIRCLE
  5
1015514
330
10154D3
100
AcDbEntity
  8
bord
100
AcDbCircle
 10
-498.4359036135794
 20
659.1484834742019
 30
-1212.142843617229
 40
126.5822129822759
210
0.0004278845142638
220
0.0047919789090318
230
0.99998842685952
  0
LWPOLYLINE
  5
1015515
330
10154D3
100
AcDbEntity
  8
bord
100
AcDbPolyline
 90
        2
 70
     0
 43
0.7063762463231586
 38
-1212.142843617222
 10
-177.0730277270245
 20
604.8086065300354
 10
-225.9702860934822
 20
607.1169704015772
210
0.0004278845142638
220
0.0047919789090318
230
0.99998842685952
  0
LWPOLYLINE
  5
1015516
330
10154D3
100
AcDbEntity
  8
bord
100
AcDbPolyline
 90
        2
 70
     0
 43
0.7063762463231586
 38
-1212.14284361722
 10
-194.7852399756809
 20
644.8497587676382
 10
-185.0057882997701
 20
644.3880859934697
210
0.0004278845142638
220
0.0047919789090318
230
0.99998842685952
  0
LWPOLYLINE
  5
1015517
330
10154D3
100
AcDbEntity
  8
bord
100
AcDbPolyline
 90
        2
 70
     0
 43
0.7063762463231586
 38
-1212.142843617221
 10
-222.7385766651839
 20
675.5731321041833
 10
-173.8413183107751
 20
673.2647682324087
210
0.0004278845142638
220
0.0047919789090318
230
0.99998842685952
  0
LWPOLYLINE
  5
1015518
330
10154D3
100
AcDbEntity
  8
bord
100
AcDbPolyline
 90
        2
 70
     0
 43
0.6421602239301444
 38
-1212.142843617218
 10
-792.9978562549749
 20
640.9980480956773
 10
-781.589230506466
 20
693.9208092413097
210
0.0004278845142638
220
0.0047919789090318
230
0.99998842685952
  0
LWPOLYLINE
  5
1015519
330
10154D3
100
AcDbEntity
  8
bord
100
AcDbPolyline
 90
        2
 70
     1
 43
8.900311850316152
 38
-1212.142843617216
 10
-775.9087905502321
 20
696.5833098740302
 42
1.0
 10
-769.4888492682775
 20
690.418903565154
 42
1.0
210
0.0004278845142638
220
0.0047919789090318
230
0.99998842685952
  0
CIRCLE
  5
101551A
330
10154D3
100
AcDbEntity
  8
bord
100
AcDbCircle
 10
-772.698819900378
 20
693.5011067149353
 30
-1212.142843617225
 40
8.900311850316272
210
0.0004278845142638
220
0.0047919789090318
230
0.99998842685952
  0
LWPOLYLINE
  5
101551B
330
10154D3
100
AcDbEntity
  8
bord
100
AcDbPolyline
 90
        2
 70
     0
 43
0.6421602239301444
 38
-1212.142843617219
 10
-870.0736340994383
 20
707.00824508073
 10
-846.3658724653923
 20
705.8890383521919
210
0.0004278845142638
220
0.0047919789090318
230
0.99998842685952
  0
LWPOLYLINE
  5
101551C
330
10154D3
100
AcDbEntity
  8
bord
100
AcDbPolyline
 90
        2
 70
     0
 43
0.6421602239301444
 38
-1212.142843617219
 10
-828.5594987093611
 20
642.6768581911617
 10
-855.2307305332709
 20
643.935965762368
210
0.0004278845142638
220
0.0047919789090318
230
0.99998842685952
  0
LWPOLYLINE
  5
101551D
330
10154D3
100
AcDbEntity
  8
bord
100
AcDbPolyline
 90
        2
 70
     0
 43
0.6421602239301444
 38
-1212.142843617223
 10
-828.5594987093611
 20
642.6768581911618
 10
-820.9537481988688
 20
677.9586989512689
210
0.0004278845142638
220
0.0047919789090318
230
0.99998842685952
  0
SOLID
  5
101551E
330
10154D3
100
AcDbEntity
  8
bord
100
AcDbTrace
 10
-864.1466936911305
 20
706.7284433981881
 30
-1212.142843617225
 11
-846.3658724649269
 21
705.8890383535888
 31
-1212.142843617225
 12
-846.3403199246798
 22
643.5162632348297
 32
-1212.142843617225
 13
-828.5594986876496
 23
642.6768581867379
 33
-1212.142843617225
210
0.0004278845142638
220
0.0047919789090318
230
0.99998842685952
  0
LINE
  5
101551F
330
10154D3
100
AcDbEntity
  8
bord
100
AcDbLine
 10
-864.6667208376456
 20
700.9117660832124
 30
-1215.145683569252
 11
-846.8602190883247
 21
637.7003116968552
 31
-1214.850391321914
210
0.0004278845142638
220
0.0047919789090318
230
0.99998842685952
  0
LINE
  5
1015520
330
10154D3
100
AcDbEntity
  8
bord
100
AcDbLine
 10
-846.8858995176269
 20
700.0723706756253
 30
-1215.149269383754
 11
-829.0793977581779
 21
636.8609162860084
 31
-1214.853977136408
210
0.0004278845142638
220
0.0047919789090318
230
0.99998842685952
  0
LINE
  5
1015521
330
10154D3
100
AcDbEntity
  8
bord
100
AcDbLine
 10
-829.105078196444
 20
699.2329752675722
 30
-1215.152855198257
 11
-811.2985764592304
 21
636.0215208844747
 31
-1214.857562950931
210
0.0004278845142638
220
0.0047919789090318
230
0.99998842685952
  0
LINE
  5
1015522
330
10154D3
100
AcDbEntity
  8
bord
100
AcDbLine
 10
-829.105078196444
 20
699.2329752675722
 30
-1215.152855198257
 11
-811.3242568973801
 21
698.3935798585879
 31
-1215.156441012743
210
0.0004278845142638
220
0.0047919789090318
230
0.99998842685952
  0
LWPOLYLINE
  5
1015523
330
10154D3
100
AcDbEntity
  8
bord
100
AcDbPolyline
 90
        2
 70
     0
 43
0.6421602239301444
 38
-1212.142843617222
 10
-810.778677483041
 20
641.8374531447001
 10
-784.1074456587239
 20
640.5783455765209
210
0.0004278845142638
220
0.0047919789090318
230
0.99998842685952
  0
SOLID
  5
1015524
330
10154D3
100
AcDbEntity
  8
bord
100
AcDbTrace
 10
-828.5850512369767
 20
705.0496333075929
 30
-1212.142843617229
 11
-810.8042300312041
 21
704.2102282608984
 31
-1212.142843617229
 12
-810.7786774821677
 22
641.8374531481926
 32
-1212.142843617229
 13
-792.9978562541015
 23
640.9980480994025
 33
-1212.142843617229
210
0.0004278845142638
220
0.0047919789090318
230
0.99998842685952
  0
LINE
  5
1015525
330
10154D3
100
AcDbEntity
  8
bord
100
AcDbLine
 10
-811.3242568973801
 20
698.3935798585879
 30
-1215.156441012743
 11
-793.5177551378147
 21
635.1821254740935
 31
-1214.861148765422
210
0.0004278845142638
220
0.0047919789090318
230
0.99998842685952
  0
LINE
  5
1015526
330
10154D3
100
AcDbEntity
  8
bord
100
AcDbLine
 10
-751.8386587080895
 20
665.2704204607289
 30
-1215.023166955395
 11
-615.0399729244527
 21
703.8051171880215
 31
-1215.266361263118
210
0.0004278845142638
220
0.0047919789090318
230
0.99998842685952
  0
LINE
  5
1015527
330
10154D3
100
AcDbEntity
  8
bord
100
AcDbLine
 10
-751.8386587080895
 20
665.2704204607289
 30
-1215.023166955395
 11
-625.3972626964676
 21
659.3013864478562
 31
-1215.048666080719
210
0.0004278845142638
220
0.0047919789090318
230
0.99998842685952
  0
LINE
  5
1015528
330
10154D3
100
AcDbEntity
  8
bord
100
AcDbLine
 10
-619.2784603905748
 20
614.0198538512922
 30
-1214.834293591338
 11
-751.8386587080895
 21
665.2704204607289
 31
-1215.023166955395
210
0.0004278845142638
220
0.0047919789090318
230
0.99998842685952
  0
HATCH
  5
1015529
330
10154D3
100
AcDbEntity
  8
bord
 62
     8
100
AcDbHatch
 10
0.0
 20
0.0
 30
-1212.142843617229
210
0.0004278845142638
220
0.0047919789090318
230
0.99998842685952
  2
LINE
 70
     0
 71
     0
 91
        1
 92
        7
 72
     1
 73
     1
 93
        3
 10
-624.8772989658172
 20
665.1175860036164
 42
-0.0909920464421067
 10
-614.5199170010164
 20
709.6218277204314
 42
0.0
 10
-751.3186943142207
 20
671.0866885515861
 42
0.0
 97
        0
 75
     0
 76
     1
 52
-92.70288685126052
 41
84.38768555040303
 77
     0
 78
     1
 53
267.2971131487395
 43
-8720374.938335901
 44
50637915.13839893
 45
10.53672553373347
 46
-0.4974314379093613
 79
     0
 47
0.0074619565911016
 98
        1
 10
-646.8468041727318
 20
678.4754514207597
  0
ENDBLK
  5
101552A
330
10154D3
100
AcDbEntity
  8
0
 62
     1
100
AcDbBlockEnd
  0
ENDSEC
  0
SECTION
  2
ENTITIES
  0
HATCH
  5
101666B
330
1F
100
AcDbEntity
  8
text2
 62
     5
100
AcDbHatch
 10
0.0
 20
0.0
 30
0.0
210
0.0
220
0.0
230
1.0
  2
ANGLE
 70
     0
 71
     0
 91
        2
 92
       17
 93
        4
 72
     1
 10
196675.5389742307
 20
1739816.109283895
 11
197665.608095198
 21
1739605.861495559
 72
     1
 10
197665.608095198
 20
1739605.861495559
 11
197621.8359899147
 21
1739399.736093984
 72
     1
 10
197621.8359899147
 20
1739399.736093984
 11
196631.7668689474
 21
1739609.983882321
 72
     1
 10
196631.7668689474
 20
1739609.983882321
 11
196675.5389742307
 21
1739816.109283895
 97
        0
 92
       17
 93
        4
 72
     1
 10
196675.5389742307
 20
1739816.109283895
 11
197665.608095198
 21
1739605.861495559
 72
     1
 10
197665.608095198
 20
1739605.861495559
 11
197621.8359899147
 21
1739399.736093984
 72
     1
 10
197621.8359899147
 20
1739399.736093984
 11
196631.7668689474
 21
1739609.983882321
 72
     1
 10
196631.7668689474
 20
1739609.983882321
 11
196675.5389742307
 21
1739816.109283895
 97
        0
 75
     1
 76
     1
 52
0.0
 41
1.0
 77
     0
 78
     2
 53
0.0
 43
0.0
 44
0.0
 45
0.0
 46
6.985
 79
     2
 49
5.08
 49
-1.905
 53
90.0
 43
0.0
 44
0.0
 45
-6.985
 46
0.0000000000000004
 79
     2
 49
5.08
 49
-1.905
 98
        1
 10
0.0
 20
0.0
1001
GradientColor1ACI
1070
     5
1001
GradientColor2ACI
1070
     2
1001
ACAD
1010
0.0
1020
0.0
1030
0.0
  0
LWPOLYLINE
  5
1016E98
330
1F
100
AcDbEntity
  8
text2
 62
   244
420
 10033950
100
AcDbPolyline
 90
        5
 70
     0
 10
189991.5041046015
 20
1731704.667684582
 40
30.0
 41
30.0
 10
190025.3784640753
 20
1731875.478929407
 40
30.0
 41
30.0
 10
189011.3815626544
 20
1732545.061869929
 40
30.0
 41
30.0
 10
189011.3815626544
 20
1732545.061869929
 40
30.0
 41
30.0
 10
188831.883097347
 20
1732483.725740381
 40
0.0
 41
0.0
  0
LWPOLYLINE
  5
1016EE3
330
1F
100
AcDbEntity
  8
text2
 62
     5
100
AcDbPolyline
 90
        6
 70
     0
 10
189991.5041046015
 20
1731704.667684582
 40
15.0
 41
15.0
 10
189603.3942921495
 20
1731317.353043001
 40
15.0
 41
15.0
 10
189188.0718968411
 20
1731600.66943251
 40
15.0
 41
15.0
 10
188837.2938542857
 20
1731822.880083373
 40
15.0
 41
15.0
 10
188560.5011693521
 20
1732041.822739363
 40
15.0
 41
15.0
 10
188831.883097347
 20
1732483.725740381
 40
0.0
 41
0.0
  0
TEXT
  5
1016F46
330
1F
100
AcDbEntity
  8
0
 62
     1
100
AcDbText
 10
188823.7059646589
 20
1732535.033293377
 30
0.0
 40
50.0
  1
KM 0.000
 50
45.5054861187502
  7
FONT1
100
AcDbText
  0
TEXT
  5
1016F47
330
1F
100
AcDbEntity
  8
0
 62
     1
100
AcDbText
 10
190037.1675962681
 20
1731674.366060826
 30
0.0
 40
50.0
  1
T.E KM 1.500
 50
8.076065861427657
  7
FONT1
100
AcDbText
  0
POINT
  5
1016F68
330
1F
100
AcDbEntity
  8
text2
 62
     3
100
AcDbPoint
 10
190006.8624215071
 20
1731782.111901087
 30
0.0
  0
POINT
  5
1016F69
330
1F
100
AcDbEntity
  8
text2
 62
     3
100
AcDbPoint
 10
189687.5691746409
 20
1732098.547991095
 30
0.0
  0
POINT
  5
1016F6A
330
1F
100
AcDbEntity
  8
text2
 62
     3
100
AcDbPoint
 10
189270.3297450407
 20
1732374.067969295
 30
0.0
  0
POINT
  5
1016F6B
330
1F
100
AcDbEntity
  8
text2
 62
     3
100
AcDbPoint
 10
189005.0470949779
 20
1732537.991808659
 30
0.0
  0
TEXT
  5
1016F6C
330
1F
100
AcDbEntity
  8
0
 62
     1
100
AcDbText
 10
189734.1441093301
 20
1732111.657814417
 30
0.0
 40
50.0
  1
KM 1.000
 50
45.5054861187502
  7
FONT1
100
AcDbText
  0
POINT
  5
1016F6E
330
1F
100
AcDbEntity
  8
text2
 62
     3
100
AcDbPoint
 10
189645.5508811264
 20
1731364.042223539
 30
0.0
  0
POINT
  5
1016F6F
330
1F
100
AcDbEntity
  8
text2
 62
     3
100
AcDbPoint
 10
189242.312056641
 20
1731563.6689567
 30
0.0
  0
POINT
  5
1016F70
330
1F
100
AcDbEntity
  8
text2
 62
     3
100
AcDbPoint
 10
188822.3111151154
 20
1731834.731410689
 30
0.0
  0
POINT
  5
1016F71
330
1F
100
AcDbEntity
  8
text2
 62
     3
100
AcDbPoint
 10
188667.104913523
 20
1732215.410254261
 30
0.0
  0
POINT
  5
10170BF
330
1F
100
AcDbEntity
  8
text2
 62
     3
100
AcDbPoint
 10
190025.3784640753
 20
1731875.478929407
 30
0.0
  0
MTEXT
  5
101712A
330
1F
100
AcDbEntity
  8
text2
 62
     3
100
AcDbMText
 10
188274.0092867184
 20
1732268.310195139
 30
0.0
 40
50.0
 41
387.5
 46
0.0
 71
     1
 72
     1
  1
KM 0.500
  7
section
 73
     1
 44
1.0
  0
MTEXT
  5
101712D
330
1F
100
AcDbEntity
  8
text2
 62
     3
100
AcDbMText
 10
188449.4317976984
 20
1731808.42462345
 30
0.0
 40
50.0
 41
387.5
 46
0.0
 71
     1
 72
     1
  1
KM 1.000
  7
section
 73
     1
 44
1.0
  0
MTEXT
  5
101712E
330
1F
100
AcDbEntity
  8
text2
 62
     3
100
AcDbMText
 10
188865.9252040213
 20
1731518.961774288
 30
0.0
 40
50.0
 41
387.5
 46
0.0
 71
     1
 72
     1
  1
KM 1.500
  7
section
 73
     1
 44
1.0
  0
MTEXT
  5
101712F
330
1F
100
AcDbEntity
  8
text2
 62
     3
100
AcDbMText
 10
189683.5468317882
 20
1731327.89329825
 30
0.0
 40
50.0
 41
387.5
 46
0.0
 71
     1
 72
     1
  1
KM 2.000
  7
section
 73
     1
 44
1.0
  0
TEXT
  5
1017148
330
1F
100
AcDbEntity
  8
0
 62
     1
100
AcDbText
 10
189165.6112580588
 20
1733427.565166734
 30
0.0
 40
50.0
  1
MEEDIVEMULA SST
 50
1.010050470203023
  7
FONT1
100
AcDbText
  0
ENDSEC
  0
SECTION
  2
OBJECTS
  0
DICTIONARY
  5
C
330
0
100
AcDbDictionary
281
     1
  3
ACAD_CIP_PREVIOUS_PRODUCT_INFO
350
270
  3
ACAD_COLOR
350
6B
  3
ACAD_DETAILVIEWSTYLE
350
26B
  3
ACAD_GROUP
350
D
  3
ACAD_IMAGE_DICT
350
1E2
  3
ACAD_IMAGE_VARS
350
1E4
  3
ACAD_LAST_SAVED_VERSION_INFO
350
1015FAE
  3
ACAD_LAYOUT
350
1A
  3
ACAD_MATERIAL
350
6A
  3
ACAD_MLEADERSTYLE
350
12D
  3
ACAD_MLINESTYLE
350
17
  3
ACAD_PLOTSETTINGS
350
19
  3
ACAD_PLOTSTYLENAME
350
E
  3
ACAD_SCALELIST
350
10C
  3
ACAD_SECTIONVIEWSTYLE
350
269
  3
ACAD_TABLESTYLE
350
7E
  3
ACAD_VISUALSTYLE
350
EF
  3
ACDB_RECOMPOSE_DATA
350
1017153
  3
AcDbVariableDictionary
350
5E
  3
AEC_PROPERTY_SET_DEFS
350
24C
  0
DICTIONARY
  5
10158A5
330
8
100
AcDbDictionary
280
     1
281
     1
  0
DICTIONARY
  5
283
330
2
100
AcDbDictionary
280
     1
281
     1
  3
ACAD_LAYERSTATES
360
284
  0
DICTIONARY
  5
13C
330
10
100
AcDbDictionary
280
     1
281
     1
  0
DICTIONARY
  5
CF36
330
CF35
100
AcDbDictionary
280
     1
281
     1
  0
DICTIONARY
  5
1CE
330
1F
100
AcDbDictionary
280
     1
281
     1
  3
ACAD_SORTENTS
360
207
  0
XRECORD
  5
270
102
{ACAD_REACTORS
330
C
102
}
330
C
100
AcDbXrecord
280
     1
300
ACD
300
2025
300
87919ACD_2025_0F
  0
DICTIONARY
  5
6B
102
{ACAD_REACTORS
330
C
102
}
330
C
100
AcDbDictionary
281
     1
  3
PANTONE(R) solid coated$PANTONE 1925 C
350
1015FA2
  0
DICTIONARY
  5
26B
102
{ACAD_REACTORS
330
C
102
}
330
C
100
AcDbDictionary
281
     1
  3
Imperial24
350
2F1
  3
Metric50
350
26C
  0
DICTIONARY
  5
D
102
{ACAD_REACTORS
330
C
102
}
330
C
100
AcDbDictionary
281
     1
  0
DICTIONARY
  5
1E2
102
{ACAD_REACTORS
330
C
102
}
330
C
100
AcDbDictionary
281
     1
  3
D44A1-1
350
2592
  3
D44A10_57I10_page-0001
350
2593
  3
D44A2
350
2594
  3
D44A5_57I5 (1)
350
2595
  3
D44A6_57I6_page-0001
350
2596
  3
D44A9_57I9_page-0001
350
2597
  0
RASTERVARIABLES
  5
1E4
102
{ACAD_REACTORS
330
C
102
}
330
C
100
AcDbRasterVariables
 90
        0
 70
     0
 71
     0
 72
     1
  0
XRECORD
  5
1015FAE
102
{ACAD_REACTORS
330
C
102
}
330
C
100
AcDbXrecord
280
     1
300
{17C39E0D-3BF4-7D40-B9AF-EE0204BC9C02}
301
{37A693B6-FE6A-8847-BF70-089508F1BE77}
302
{17C39E0D-3BF4-7D40-B9AF-EE0204BC9C02}
303
C:\Users\Admin\OneDrive\Desktop\kml_convertor\3 Meedivemula  INDEX - Copy.dxf
  0
DICTIONARY
  5
1A
102
{ACAD_REACTORS
330
C
102
}
330
C
100
AcDbDictionary
281
     1
  3
Layout1
350
D3
  3
Layout2
350
D7
  3
Model
350
22
  0
DICTIONARY
  5
6A
102
{ACAD_REACTORS
330
C
102
}
330
C
100
AcDbDictionary
281
     1
  3
ByBlock
350
ED
  3
ByLayer
350
EC
  3
Global
350
EE
  0
DICTIONARY
  5
12D
102
{ACAD_REACTORS
330
C
102
}
330
C
100
AcDbDictionary
281
     1
  3
Annotative
350
13B
  3
Standard
350
12E
  0
DICTIONARY
  5
17
102
{ACAD_REACTORS
330
C
102
}
330
C
100
AcDbDictionary
281
     1
  3
Standard
350
18
  0
DICTIONARY
  5
19
102
{ACAD_REACTORS
330
C
102
}
330
C
100
AcDbDictionary
281
     1
  0
ACDBDICTIONARYWDFLT
  5
E
102
{ACAD_REACTORS
330
C
102
}
330
C
100
AcDbDictionary
281
     1
  3
Normal
350
F
100
AcDbDictionaryWithDefault
340
F
  0
DICTIONARY
  5
10C
102
{ACAD_REACTORS
330
C
102
}
330
C
100
AcDbDictionary
281
     1
  3
*A1
350
101231F
  3
A0
350
10D
  3
A1
350
1BE
  3
A2
350
1BF
  3
A3
350
1C0
  3
A4
350
1C1
  3
A5
350
1C2
  3
A6
350
1C3
  3
A7
350
1C4
  3
A8
350
1C5
  3
A9
350
1C6
  3
B0
350
1C7
  3
B1
350
1C8
  3
B2
350
1C9
  3
B3
350
1CA
  3
B4
350
1CB
  3
B5
350
1CC
  3
B6
350
1CD
  0
DICTIONARY
  5
269
102
{ACAD_REACTORS
330
C
102
}
330
C
100
AcDbDictionary
281
     1
  3
Imperial24
350
2F0
  3
Metric50
350
26A
  0
DICTIONARY
  5
7E
102
{ACAD_REACTORS
330
C
102
}
330
C
100
AcDbDictionary
281
     1
  3
Standard
350
7F
  0
DICTIONARY
  5
EF
102
{ACAD_REACTORS
330
C
102
}
330
C
100
AcDbDictionary
281
     1
  3
2dWireframe
350
F5
  3
3D Hidden
350
F7
  3
3dWireframe
350
F6
  3
Basic
350
F4
  3
Brighten
350
FB
  3
ColorChange
350
FF
  3
Conceptual
350
F8
  3
Dim
350
FA
  3
EdgeColorOff
350
268
  3
Facepattern
350
FE
  3
Flat
350
F0
  3
FlatWithEdges
350
F1
  3
Gouraud
350
F2
  3
GouraudWithEdges
350
F3
  3
Hidden
350
260
  3
JitterOff
350
266
  3
Linepattern
350
FD
  3
OverhangOff
350
267
  3
Realistic
350
F9
  3
Shaded
350
265
  3
Shaded with edges
350
264
  3
Shades of Gray
350
261
  3
Sketchy
350
262
  3
Thicken
350
FC
  3
Wireframe
350
25F
  3
X-Ray
350
263
  0
XRECORD
  5
1017153
102
{ACAD_REACTORS
330
C
102
}
330
C
100
AcDbXrecord
280
     1
 90
        1
330
7F
  0
DICTIONARY
  5
5E
102
{ACAD_REACTORS
330
C
102
}
330
C
100
AcDbDictionary
281
     1
  3
CANNOSCALE
350
146
  3
CMLEADERSTYLE
350
145
  3
CTABLESTYLE
350
84
  3
CVIEWDETAILSTYLE
350
64D
  3
CVIEWSECTIONSTYLE
350
64E
  3
DIMASSOC
350
5F
  3
HIDETEXT
350
63
  3
HPCOLOR
350
9CD0
  3
HPTRANSPARENCY
350
1016DB1
  3
INDEXCTL
350
1015929
  3
LAYEREVAL
350
1AE
  3
LAYERNOTIFY
350
1AF
  3
LIGHTINGUNITS
350
1015927
  3
MSLTSCALE
350
1015926
  3
SOLIDHIST
350
101592B
  3
SORTENTS
350
1015928
  0
DICTIONARY
  5
24C
102
{ACAD_REACTORS
330
C
102
}
330
C
100
AcDbDictionary
281
     1
  0
DICTIONARY
  5
284
102
{ACAD_REACTORS
330
283
102
}
330
283
100
AcDbDictionary
281
     1
  0
SORTENTSTABLE
  5
207
102
{ACAD_REACTORS
330
1CE
102
}
330
1CE
100
AcDbSortentsTable
330
1F
331
101666B
  5
CB20
331
1016E98
  5
1016EA1
331
1016EE3
  5
1016E9F
  0
DBCOLOR
  5
1015FA2
102
{ACAD_REACTORS
330
6B
102
}
330
6B
100
AcDbColor
 62
   232
420
 14419025
430
PANTONE(R) solid coated$PANTONE 1925 C
1001
ACAD
1000
DBColXD
1070
   232
1071
-1025768367
1000
PANTONE(R) solid coated$PANTONE 1925 C
1000
DBColXD
1070
   232
1071
-1025768367
1000
PANTONE(R) solid coated$PANTONE 1925 C
1000
DBColXD
1070
   232
1071
-1025768367
1000
PANTONE(R) solid coated$PANTONE 1925 C
1000
DBColXD
1070
   232
1071
-1025768367
1000
PANTONE(R) solid coated$PANTONE 1925 C
1000
DBColXD
1070
   232
1071
-1025768367
1000
PANTONE(R) solid coated$PANTONE 1925 C
1000
DBColXD
1070
   232
1071
-1025768367
1000
PANTONE(R) solid coated$PANTONE 1925 C
1000
DBColXD
1070
   232
1071
-1025768367
1000
PANTONE(R) solid coated$PANTONE 1925 C
1000
DBColXD
1070
   232
1071
-1025768367
1000
PANTONE(R) solid coated$PANTONE 1925 C
1000
DBColXD
1070
   232
1071
-1025768367
1000
PANTONE(R) solid coated$PANTONE 1925 C
1000
DBColXD
1070
   232
1071
-1025768367
1000
PANTONE(R) solid coated$PANTONE 1925 C
1000
DBColXD
1070
   232
1071
-1025768367
1000
PANTONE(R) solid coated$PANTONE 1925 C
1000
DBColXD
1070
   232
1071
-1025768367
1000
PANTONE(R) solid coated$PANTONE 1925 C
1000
DBColXD
1070
   232
1071
-1025768367
1000
PANTONE(R) solid coated$PANTONE 1925 C
1000
DBColXD
1070
   232
1071
-1025768367
1000
PANTONE(R) solid coated$PANTONE 1925 C
1000
DBColXD
1070
   232
1071
-1025768367
1000
PANTONE(R) solid coated$PANTONE 1925 C
1000
DBColXD
1070
   232
1071
-1025768367
1000
PANTONE(R) solid coated$PANTONE 1925 C
1000
DBColXD
1070
   232
1071
-1025768367
1000
PANTONE(R) solid coated$PANTONE 1925 C
1000
DBColXD
1070
   232
1071
-1025768367
1000
PANTONE(R) solid coated$PANTONE 1925 C
  0
ACDBDETAILVIEWSTYLE
  5
2F1
102
{ACAD_REACTORS
330
26B
102
}
330
26B
100
AcDbModelDocViewStyle
 70
     0
  3
Imperial24
290
     0
300
Imperial24
 90
        0
100
AcDbDetailViewStyle
 70
     0
 71
     0
 90
        3
 71
     1
340
11
 62
   256
 40
0.24
340
0
 62
   256
 40
0.24
300

 40
0.36
280
     3
 71
     2
340
16
 90
       25
 62
   256
 71
     3
340
11
 62
   256
 40
0.24
 90
        1
 40
0.75
 90
        1
300
%<\AcVar ViewType \f "%tc1">% %<\AcVar ViewDetailId>%\PSCALE %<\AcVar ViewScale \f "%sn">%
 71
     4
340
16
 90
       25
 62
   256
340
16
 90
       25
 62
   256
280
     0
  0
ACDBDETAILVIEWSTYLE
  5
26C
102
{ACAD_REACTORS
330
26B
102
}
330
26B
100
AcDbModelDocViewStyle
 70
     0
  3
Metric50
290
     0
300
Metric50
 90
        0
100
AcDbDetailViewStyle
 70
     0
 71
     0
 90
        3
 71
     1
340
11
 62
   256
 40
5.0
340
0
 62
   256
 40
5.0
300

 40
0.0
280
     1
 71
     2
340
16
 90
       25
 62
   256
 71
     3
340
11
 62
   256
 40
5.0
 90
        0
 40
15.0
 90
        1
300
%<\AcVar ViewDetailId>% (%<\AcVar ViewScale \f "%sn">%)
 71
     4
340
16
 90
       25
 62
   256
340
16
 90
       25
 62
   256
280
     0
  0
IMAGEDEF
  5
2592
102
{ACAD_REACTORS
330
1E2
102
}
330
1E2
100
AcDbRasterImageDef
 90
        0
  1
D:\6) OFFICE WORKS\Mallikarjuna_reservoir\D44A1-1.jpg
 10
6000.0
 20
3083.0
 11
0.0001666666666667
 21
0.0001666666666667
280
     1
281
     0
  0
IMAGEDEF
  5
2593
102
{ACAD_REACTORS
330
1E2
102
}
330
1E2
100
AcDbRasterImageDef
 90
        0
  1
F:\ORVAKAL Reservoir 04-06-23\9.Orvakallu reservoir-INDEX\D44A10_57I10_page-0001.jpg
 10
9625.0
 20
9625.0
 11
0.0846666666666667
 21
0.0846666666666667
280
     1
281
     5
  0
IMAGEDEF
  5
2594
102
{ACAD_REACTORS
330
1E2
102
}
330
1E2
100
AcDbRasterImageDef
 90
        0
  1
C:\Users\FDD Studio\Desktop\D44A2.jpg
 10
3000.0
 20
3061.0
 11
0.0001473187978786
 21
0.0001473187978786
280
     1
281
     0
  0
IMAGEDEF
  5
2595
102
{ACAD_REACTORS
330
1E2
102
}
330
1E2
100
AcDbRasterImageDef
 90
        0
  1
C:\Users\FDD STUDIO\Music\D44A5_57I5 (1).jpg
 10
6326.0
 20
6541.0
 11
0.0001580777742649
 21
0.0001580777742649
280
     1
281
     0
  0
IMAGEDEF
  5
2596
102
{ACAD_REACTORS
330
1E2
102
}
330
1E2
100
AcDbRasterImageDef
 90
        0
  1
C:\Users\Administrator\Downloads\D44A6_57I6_page-0001.jpg
 10
9625.0
 20
9625.0
 11
0.0846666666666667
 21
0.0846666666666667
280
     1
281
     5
  0
IMAGEDEF
  5
2597
102
{ACAD_REACTORS
330
1E2
102
}
330
1E2
100
AcDbRasterImageDef
 90
        0
  1
F:\ORVAKAL Reservoir 04-06-23\9.Orvakallu reservoir-INDEX\D44A9_57I9_page-0001.jpg
 10
9625.0
 20
9625.0
 11
0.0846666666666667
 21
0.0846666666666667
280
     1
281
     5
  0
LAYOUT
  5
D3
102
{ACAD_REACTORS
330
1A
102
}
330
1A
100
AcDbPlotSettings
  1

  2
C:\Documents and Settings\basas\Application Data\Autodesk\AutoCAD 2005\R16.1\enu\plotters\Default Windows System Printer.pc3
  4

  6

 40
0.0
 41
0.0
 42
0.0
 43
0.0
 44
0.0
 45
0.0
 46
0.0
 47
0.0
 48
0.0
 49
0.0
140
0.0
141
0.0
142
1.0
143
1.0
 70
   688
 72
     0
 73
     0
 74
     5
  7

 75
    16
147
1.0
 76
     0
 77
     2
 78
   300
148
0.0
149
0.0
100
AcDbLayout
  1
Layout1
 70
     1
 71
     1
 10
0.0
 20
0.0
 11
12.0
 21
9.0
 12
0.0
 22
0.0
 32
0.0
 14
0.0
 24
0.0
 34
0.0
 15
0.0
 25
0.0
 35
0.0
146
0.0
 13
0.0
 23
0.0
 33
0.0
 16
1.0
 26
0.0
 36
0.0
 17
0.0
 27
1.0
 37
0.0
 76
     0
330
D2
  0
LAYOUT
  5
D7
102
{ACAD_REACTORS
330
1A
102
}
330
1A
100
AcDbPlotSettings
  1

  2
C:\Documents and Settings\basas\Application Data\Autodesk\AutoCAD 2005\R16.1\enu\plotters\Default Windows System Printer.pc3
  4

  6

 40
0.0
 41
0.0
 42
0.0
 43
0.0
 44
0.0
 45
0.0
 46
0.0
 47
0.0
 48
0.0
 49
0.0
140
0.0
141
0.0
142
1.0
143
1.0
 70
   688
 72
     0
 73
     0
 74
     5
  7

 75
    16
147
1.0
 76
     0
 77
     2
 78
   300
148
0.0
149
0.0
100
AcDbLayout
  1
Layout2
 70
     1
 71
     2
 10
0.0
 20
0.0
 11
12.0
 21
9.0
 12
0.0
 22
0.0
 32
0.0
 14
0.0
 24
0.0
 34
0.0
 15
0.0
 25
0.0
 35
0.0
146
0.0
 13
0.0
 23
0.0
 33
0.0
 16
1.0
 26
0.0
 36
0.0
 17
0.0
 27
1.0
 37
0.0
 76
     0
330
D6
  0
LAYOUT
  5
22
102
{ACAD_XDICTIONARY
360
60B
102
}
102
{ACAD_REACTORS
330
1A
102
}
330
1A
100
AcDbPlotSettings
  1

  2
none_device
  4
ISO_A4_(210.00_x_297.00_MM)
  6

 40
7.5
 41
20.0
 42
7.5
 43
20.0
 44
210.0
 45
297.0
 46
11.54999923706054
 47
-13.65000009536743
 48
0.0
 49
0.0
140
0.0
141
0.0
142
1.0
143
8.704084754739808
 70
 11952
 72
     1
 73
     0
 74
     0
  7

 75
     0
147
0.1148885871608098
 76
     0
 77
     2
 78
   300
148
0.0
149
0.0
100
AcDbLayout
  1
Model
 70
     1
 71
     0
 10
0.0
 20
0.0
 11
12.0
 21
9.0
 12
0.0
 22
0.0
 32
0.0
 14
0.0
 24
0.0
 34
0.0
 15
0.0
 25
0.0
 35
0.0
146
0.0
 13
0.0
 23
0.0
 33
0.0
 16
1.0
 26
0.0
 36
0.0
 17
0.0
 27
1.0
 37
0.0
 76
     0
330
1F
331
EA
1001
ACAD_PSEXT
1000
None
1000
None
1000
Not applicable
1000
The layout will not be plotted unless a new plotter configuration name is selected.
1070
     0
  0
MATERIAL
  5
ED
102
{ACAD_REACTORS
330
6A
102
}
330
6A
100
AcDbMaterial
  1
ByBlock
 94
       63
  0
MATERIAL
  5
EC
102
{ACAD_REACTORS
330
6A
102
}
330
6A
100
AcDbMaterial
  1
ByLayer
 94
       63
  0
MATERIAL
  5
EE
102
{ACAD_XDICTIONARY
360
173
102
}
102
{ACAD_REACTORS
330
6A
102
}
330
6A
100
AcDbMaterial
  1
Global
 43
0.0007999999797903
 43
0.0
 43
0.0
 43
0.0
 43
0.0
 43
0.0007999999797903
 43
0.0
 43
0.0
 43
0.0
 43
0.0
 43
1.0
 43
0.0
 43
0.0
 43
0.0
 43
0.0
 43
1.0
 49
0.0007999999797903
 49
0.0
 49
0.0
 49
0.0
 49
0.0
 49
0.0007999999797903
 49
0.0
 49
0.0
 49
0.0
 49
0.0
 49
1.0
 49
0.0
 49
0.0
 49
0.0
 49
0.0
 49
1.0
142
0.0007999999797903
142
0.0
142
0.0
142
0.0
142
0.0
142
0.0007999999797903
142
0.0
142
0.0
142
0.0
142
0.0
142
1.0
142
0.0
142
0.0
142
0.0
142
0.0
142
1.0
144
0.0007999999797903
144
0.0
144
0.0
144
0.0
144
0.0
144
0.0007999999797903
144
0.0
144
0.0
144
0.0
144
0.0
144
1.0
144
0.0
144
0.0
144
0.0
144
0.0
144
1.0
 94
       63
1001
ACAD
1070
    -1
1070
     3
1070
     0
1000

1071
        0
1070
     0
  0
MLEADERSTYLE
  5
13B
102
{ACAD_REACTORS
330
12D
102
}
330
12D
100
AcDbMLeaderStyle
179
     2
170
     2
171
     1
172
     0
 90
        2
 40
0.0
 41
0.0
173
     1
 91
-1056964608
340
14
 92
       -2
290
     1
 42
2.0
291
     1
 43
8.0
  3
Standard
 44
4.0
300

342
11
174
     1
178
     1
175
     1
176
     0
 93
-1056964608
 45
4.0
292
     0
297
     0
 46
4.0
 94
-1056964608
 47
1.0
 49
1.0
140
1.0
293
     1
141
0.0
294
     1
177
     0
142
1.0
295
     0
296
     1
143
3.75
271
     0
272
     9
273
     9
298
     0
  0
MLEADERSTYLE
  5
12E
102
{ACAD_REACTORS
330
12D
102
}
330
12D
100
AcDbMLeaderStyle
179
     2
170
     2
171
     1
172
     0
 90
        2
 40
0.0
 41
0.0
173
     1
 91
-1056964608
340
14
 92
       -2
290
     1
 42
2.0
291
     1
 43
8.0
  3
Standard
 44
4.0
300

342
11
174
     1
178
     1
175
     1
176
     0
 93
-1056964608
 45
4.0
292
     0
297
     0
 46
4.0
 94
-1056964608
 47
1.0
 49
1.0
140
1.0
293
     1
141
0.0
294
     1
177
     0
142
1.0
295
     0
296
     0
143
3.75
271
     0
272
     9
273
     9
298
     0
  0
MLINESTYLE
  5
18
102
{ACAD_REACTORS
330
17
102
}
330
17
100
AcDbMlineStyle
  2
STANDARD
 70
     0
  3

 62
   256
 51
90.0
 52
90.0
 71
     2
 49
0.5
 62
   256
  6
BYLAYER
 49
-0.5
 62
   256
  6
BYLAYER
  0
ACDBPLACEHOLDER
  5
F
102
{ACAD_REACTORS
330
E
102
}
330
E
  0
SCALE
  5
101231F
102
{ACAD_REACTORS
330
10C
102
}
330
10C
100
AcDbScale
 70
     0
300
1" = 1'
140
1.0
141
1.0
290
     0
  0
SCALE
  5
10D
102
{ACAD_REACTORS
330
10C
102
}
330
10C
100
AcDbScale
 70
     0
300
1:1
140
1.0
141
1.0
290
     1
  0
SCALE
  5
1BE
102
{ACAD_REACTORS
330
10C
102
}
330
10C
100
AcDbScale
 70
     0
300
1:2
140
1.0
141
2.0
290
     0
  0
SCALE
  5
1BF
102
{ACAD_REACTORS
330
10C
102
}
330
10C
100
AcDbScale
 70
     0
300
1:4
140
1.0
141
4.0
290
     0
  0
SCALE
  5
1C0
102
{ACAD_REACTORS
330
10C
102
}
330
10C
100
AcDbScale
 70
     0
300
1:5
140
1.0
141
5.0
290
     0
  0
SCALE
  5
1C1
102
{ACAD_REACTORS
330
10C
102
}
330
10C
100
AcDbScale
 70
     0
300
1:8
140
1.0
141
8.0
290
     0
  0
SCALE
  5
1C2
102
{ACAD_REACTORS
330
10C
102
}
330
10C
100
AcDbScale
 70
     0
300
1:10
140
1.0
141
10.0
290
     0
  0
SCALE
  5
1C3
102
{ACAD_REACTORS
330
10C
102
}
330
10C
100
AcDbScale
 70
     0
300
1:16
140
1.0
141
16.0
290
     0
  0
SCALE
  5
1C4
102
{ACAD_REACTORS
330
10C
102
}
330
10C
100
AcDbScale
 70
     0
300
1:20
140
1.0
141
20.0
290
     0
  0
SCALE
  5
1C5
102
{ACAD_REACTORS
330
10C
102
}
330
10C
100
AcDbScale
 70
     0
300
1:30
140
1.0
141
30.0
290
     0
  0
SCALE
  5
1C6
102
{ACAD_REACTORS
330
10C
102
}
330
10C
100
AcDbScale
 70
     0
300
1:40
140
1.0
141
40.0
290
     0
  0
SCALE
  5
1C7
102
{ACAD_REACTORS
330
10C
102
}
330
10C
100
AcDbScale
 70
     0
300
1:50
140
1.0
141
50.0
290
     0
  0
SCALE
  5
1C8
102
{ACAD_REACTORS
330
10C
102
}
330
10C
100
AcDbScale
 70
     0
300
1:100
140
1.0
141
100.0
290
     0
  0
SCALE
  5
1C9
102
{ACAD_REACTORS
330
10C
102
}
330
10C
100
AcDbScale
 70
     0
300
2:1
140
2.0
141
1.0
290
     0
  0
SCALE
  5
1CA
102
{ACAD_REACTORS
330
10C
102
}
330
10C
100
AcDbScale
 70
     0
300
4:1
140
4.0
141
1.0
290
     0
  0
SCALE
  5
1CB
102
{ACAD_REACTORS
330
10C
102
}
330
10C
100
AcDbScale
 70
     0
300
8:1
140
8.0
141
1.0
290
     0
  0
SCALE
  5
1CC
102
{ACAD_REACTORS
330
10C
102
}
330
10C
100
AcDbScale
 70
     0
300
10:1
140
10.0
141
1.0
290
     0
  0
SCALE
  5
1CD
102
{ACAD_REACTORS
330
10C
102
}
330
10C
100
AcDbScale
 70
     0
300
100:1
140
100.0
141
1.0
290
     0
  0
ACDBSECTIONVIEWSTYLE
  5
2F0
102
{ACAD_REACTORS
330
269
102
}
330
269
100
AcDbModelDocViewStyle
 70
     0
  3
Imperial24
290
     0
300
Imperial24
 90
        0
100
AcDbSectionViewStyle
 70
     0
 71
     0
 90
       78
 71
     1
340
11
 62
   256
 40
0.24
340
0
340
0
 62
   256
 40
0.24
300
I, O, Q, S, X, Z
 40
0.48
 90
        3
 40
0.18
 90
        1
 71
     2
340
16
 90
       25
 62
   256
340
16
 90
       50
 62
   256
 40
0.24
 40
0.0
 40
0.24
 71
     3
340
11
 62
   256
 40
0.24
 90
        1
 40
0.75
 90
        1
300
%<\AcVar ViewType \f "%tc1">% %<\AcVar ViewSectionStartId>%-%<\AcVar ViewSectionEndId>%\PSCALE %<\AcVar ViewScale \f "%sn">%
 71
     4
 62
   256
 62
   257
300
ANSI31
 40
1.0
 90
        0
290
     0
290
     0
 90
        6
 40
0.0
 40
1.570796326794896
 40
0.2617993877991494
 40
1.308996938995747
 40
-0.2617993877991494
 40
1.832595714594045
  0
ACDBSECTIONVIEWSTYLE
  5
26A
102
{ACAD_REACTORS
330
269
102
}
330
269
100
AcDbModelDocViewStyle
 70
     0
  3
Metric50
290
     0
300
Metric50
 90
        0
100
AcDbSectionViewStyle
 70
     0
 71
     0
 90
      102
 71
     1
340
11
 62
   256
 40
5.0
340
0
340
0
 62
   256
 40
5.0
300
I, O, Q, S, X, Z
 40
10.0
 90
        0
 40
2.5
 90
        0
 71
     2
340
16
 90
       25
 62
   256
340
16
 90
       50
 62
   256
 40
5.0
 40
2.5
 40
5.0
 71
     3
340
11
 62
   256
 40
5.0
 90
        0
 40
15.0
 90
        1
300
%<\AcVar ViewSectionStartId>%-%<\AcVar ViewSectionEndId>% (%<\AcVar ViewScale \f "%sn">%)
 71
     4
 62
   256
 62
   257
300
ANSI31
 40
1.0
 90
        0
290
     0
290
     0
 90
        6
 40
0.0
 40
1.570796326794896
 40
0.2617993877991494
 40
1.308996938995747
 40
-0.2617993877991494
 40
1.832595714594045
  0
TABLESTYLE
  5
7F
102
{ACAD_XDICTIONARY
360
162
102
}
102
{ACAD_REACTORS
330
7E
102
}
330
7E
100
AcDbTableStyle
280
     0
  3
Standard
 70
     0
 71
     0
 40
1.5
 41
1.5
280
     0
281
     0
  7
Standard
140
4.5
170
     2
 62
     0
 63
     7
283
     0
 90
      512
 91
        0
  1

274
    -2
284
     1
 64
     0
275
    -2
285
     1
 65
     0
276
    -2
286
     1
 66
     0
277
    -2
287
     1
 67
     0
278
    -2
288
     1
 68
     0
279
    -2
289
     1
 69
     0
  7
Standard
140
6.0
170
     5
 62
     0
 63
     7
283
     0
 90
      512
 91
        0
  1

274
    -2
284
     1
 64
     0
275
    -2
285
     1
 65
     0
276
    -2
286
     1
 66
     0
277
    -2
287
     1
 67
     0
278
    -2
288
     1
 68
     0
279
    -2
289
     1
 69
     0
  7
Standard
140
4.5
170
     5
 62
     0
 63
     7
283
     0
 90
      512
 91
        0
  1

274
    -2
284
     1
 64
     0
275
    -2
285
     1
 65
     0
276
    -2
286
     1
 66
     0
277
    -2
287
     1
 67
     0
278
    -2
288
     1
 68
     0
279
    -2
289
     1
 69
     0
  0
VISUALSTYLE
  5
F5
102
{ACAD_REACTORS
330
EF
102
}
330
EF
100
AcDbVisualStyle
  2
2dWireframe
 70
     4
177
     3
291
     0
 70
    58
 90
        0
176
     1
 90
        2
176
     1
 90
        1
176
     1
 90
        0
176
     1
 40
0.6
176
     1
 40
30.0
176
     1
 62
     7
176
     1
 90
        1
176
     1
 90
        4
176
     1
 62
     7
176
     1
 62
   257
176
     1
 90
        1
176
     1
 90
        1
176
     1
 40
1.0
176
     1
 90
        0
176
     1
 62
   257
176
     1
 40
1.0
176
     1
 90
        1
176
     1
 90
        6
176
     1
 90
        2
176
     1
 62
     7
176
     1
 90
        5
176
     1
 90
        0
176
     1
 90
        0
176
     1
290
     0
176
     1
 90
        1
176
     1
 40
0.0
176
     1
 90
        0
176
     1
290
     1
176
     1
290
     1
176
     1
290
     0
176
     1
290
     0
176
     1
290
     0
176
     1
290
     0
176
     1
290
     0
176
     1
290
     0
176
     1
290
     0
176
     1
 90
       50
176
     1
 40
0.0
176
     1
 40
1.0
176
     1
 90
        0
176
     1
 62
    18
176
     1
 90
       50
176
     1
 90
        3
176
     1
 62
     5
420
      255
176
     1
290
     0
176
     1
 90
       50
176
     1
 90
       50
176
     1
 90
       50
176
     1
290
     0
176
     1
 90
       50
176
     1
 62
   256
176
     0
 40
1.0
176
     0
 90
        2
176
     1
  1
strokes_ogs.tif
176
     1
290
     0
176
     1
 40
1.0
176
     1
 40
1.0
176
     1
  0
VISUALSTYLE
  5
F7
102
{ACAD_REACTORS
330
EF
102
}
330
EF
100
AcDbVisualStyle
  2
3D Hidden
 70
     6
177
     3
291
     0
 70
    58
 90
        1
176
     1
 90
        2
176
     1
 90
        2
176
     1
 90
        0
176
     1
 40
0.6
176
     1
 40
30.0
176
     1
 62
     7
176
     1
 90
        2
176
     1
 90
        2
176
     1
 62
     7
176
     1
 62
   257
176
     1
 90
        2
176
     1
 90
        1
176
     1
 40
40.0
176
     1
 90
        0
176
     1
 62
   257
176
     1
 40
1.0
176
     1
 90
        1
176
     1
 90
        6
176
     1
 90
        2
176
     1
 62
     7
176
     1
 90
        3
176
     1
 90
        0
176
     1
 90
        0
176
     1
290
     0
176
     1
 90
        1
176
     1
 40
0.0
176
     1
 90
        0
176
     1
290
     0
176
     1
290
     1
176
     1
290
     1
176
     1
290
     0
176
     1
290
     0
176
     1
290
     0
176
     1
290
     0
176
     1
290
     0
176
     1
290
     0
176
     1
 90
       50
176
     1
 40
0.0
176
     1
 40
1.0
176
     1
 90
        0
176
     1
 62
    18
176
     1
 90
       50
176
     1
 90
        3
176
     1
 62
     5
420
      255
176
     1
290
     0
176
     1
 90
       50
176
     1
 90
       50
176
     1
 90
       50
176
     1
290
     0
176
     1
 90
       50
176
     1
 62
   256
176
     0
 40
1.0
176
     0
 90
        2
176
     1
  1
strokes_ogs.tif
176
     1
290
     0
176
     1
 40
1.0
176
     1
 40
1.0
176
     1
  0
VISUALSTYLE
  5
F6
102
{ACAD_REACTORS
330
EF
102
}
330
EF
100
AcDbVisualStyle
  2
3dWireframe
 70
     5
177
     3
291
     0
 70
    58
 90
        0
176
     1
 90
        2
176
     1
 90
        1
176
     1
 90
        0
176
     1
 40
0.6
176
     1
 40
30.0
176
     1
 62
     7
176
     1
 90
        1
176
     1
 90
        4
176
     1
 62
     7
176
     1
 62
   257
176
     1
 90
        1
176
     1
 90
        1
176
     1
 40
1.0
176
     1
 90
        0
176
     1
 62
   257
176
     1
 40
1.0
176
     1
 90
        1
176
     1
 90
        6
176
     1
 90
        2
176
     1
 62
     7
176
     1
 90
        5
176
     1
 90
        0
176
     1
 90
        0
176
     1
290
     0
176
     1
 90
        1
176
     1
 40
0.0
176
     1
 90
        0
176
     1
290
     0
176
     1
290
     1
176
     1
290
     1
176
     1
290
     0
176
     1
290
     0
176
     1
290
     0
176
     1
290
     0
176
     1
290
     0
176
     1
290
     0
176
     1
 90
       50
176
     1
 40
0.0
176
     1
 40
1.0
176
     1
 90
        0
176
     1
 62
    18
176
     1
 90
       50
176
     1
 90
        3
176
     1
 62
     5
420
      255
176
     1
290
     0
176
     1
 90
       50
176
     1
 90
       50
176
     1
 90
       50
176
     1
290
     0
176
     1
 90
       50
176
     1
 62
   256
176
     0
 40
1.0
176
     0
 90
        2
176
     1
  1
strokes_ogs.tif
176
     1
290
     0
176
     1
 40
1.0
176
     1
 40
1.0
176
     1
  0
VISUALSTYLE
  5
F4
102
{ACAD_REACTORS
330
EF
102
}
330
EF
100
AcDbVisualStyle
  2
Basic
 70
     7
177
     3
291
     1
 70
    58
 90
        1
176
     1
 90
        0
176
     1
 90
        1
176
     1
 90
        0
176
     1
 40
0.6
176
     1
 40
30.0
176
     1
 62
     7
176
     1
 90
        0
176
     1
 90
        4
176
     1
 62
     7
176
     1
 62
   257
176
     1
 90
        1
176
     1
 90
        1
176
     1
 40
1.0
176
     1
 90
        8
176
     1
 62
     7
176
     1
 40
1.0
176
     1
 90
        1
176
     1
 90
        6
176
     1
 90
        2
176
     1
 62
     7
176
     1
 90
        5
176
     1
 90
        0
176
     1
 90
        0
176
     1
290
     0
176
     1
 90
        1
176
     1
 40
0.0
176
     1
 90
        0
176
     1
290
     0
176
     1
290
     1
176
     1
290
     1
176
     1
290
     0
176
     1
290
     0
176
     1
290
     0
176
     1
290
     0
176
     1
290
     0
176
     1
290
     0
176
     1
 90
       50
176
     1
 40
0.0
176
     1
 40
1.0
176
     1
 90
        0
176
     1
 62
    18
176
     1
 90
       50
176
     1
 90
        3
176
     1
 62
     5
420
      255
176
     1
290
     0
176
     1
 90
       50
176
     1
 90
       50
176
     1
 90
       50
176
     1
290
     0
176
     1
 90
       50
176
     1
 62
   256
176
     0
 40
1.0
176
     0
 90
        2
176
     1
  1
strokes_ogs.tif
176
     1
290
     0
176
     1
 40
1.0
176
     1
 40
1.0
176
     1
  0
VISUALSTYLE
  5
FB
102
{ACAD_REACTORS
330
EF
102
}
330
EF
100
AcDbVisualStyle
  2
Brighten
 70
    12
177
     3
291
     1
 70
    58
 90
        2
176
     1
 90
        2
176
     1
 90
        1
176
     1
 90
        0
176
     1
 40
0.6
176
     1
 40
30.0
176
     1
 62
     7
176
     1
 90
        1
176
     1
 90
        4
176
     1
 62
     7
176
     1
 62
   257
176
     1
 90
        1
176
     1
 90
        1
176
     1
 40
1.0
176
     1
 90
        8
176
     1
 62
     7
176
     1
 40
1.0
176
     1
 90
        1
176
     1
 90
        6
176
     1
 90
        2
176
     1
 62
     7
176
     1
 90
        5
176
     1
 90
        0
176
     1
 90
        0
176
     1
290
     0
176
     1
 90
        1
176
     1
 40
50.0
176
     1
 90
        0
176
     1
290
     0
176
     1
290
     1
176
     1
290
     1
176
     1
290
     0
176
     1
290
     0
176
     1
290
     0
176
     1
290
     0
176
     1
290
     0
176
     1
290
     0
176
     1
 90
       50
176
     1
 40
0.0
176
     1
 40
1.0
176
     1
 90
        0
176
     1
 62
    18
176
     1
 90
       50
176
     1
 90
        3
176
     1
 62
     5
420
      255
176
     1
290
     0
176
     1
 90
       50
176
     1
 90
       50
176
     1
 90
       50
176
     1
290
     0
176
     1
 90
       50
176
     1
 62
   256
176
     0
 40
1.0
176
     0
 90
        2
176
     1
  1
strokes_ogs.tif
176
     1
290
     0
176
     1
 40
1.0
176
     1
 40
1.0
176
     1
  0
VISUALSTYLE
  5
FF
102
{ACAD_REACTORS
330
EF
102
}
330
EF
100
AcDbVisualStyle
  2
ColorChange
 70
    16
177
     3
291
     1
 70
    58
 90
        2
176
     1
 90
        2
176
     1
 90
        3
176
     1
 90
        0
176
     1
 40
0.6
176
     1
 40
30.0
176
     1
 62
     8
176
     1
 90
        1
176
     1
 90
        4
176
     1
 62
     7
176
     1
 62
   257
176
     1
 90
        1
176
     1
 90
        1
176
     1
 40
1.0
176
     1
 90
        8
176
     1
 62
     8
176
     1
 40
1.0
176
     1
 90
        1
176
     1
 90
        6
176
     1
 90
        2
176
     1
 62
     7
176
     1
 90
        5
176
     1
 90
        0
176
     1
 90
        0
176
     1
290
     0
176
     1
 90
        1
176
     1
 40
0.0
176
     1
 90
        0
176
     1
290
     0
176
     1
290
     1
176
     1
290
     1
176
     1
290
     0
176
     1
290
     0
176
     1
290
     0
176
     1
290
     0
176
     1
290
     0
176
     1
290
     0
176
     1
 90
       50
176
     1
 40
0.0
176
     1
 40
1.0
176
     1
 90
        0
176
     1
 62
    18
176
     1
 90
       50
176
     1
 90
        3
176
     1
 62
     5
420
      255
176
     1
290
     0
176
     1
 90
       50
176
     1
 90
       50
176
     1
 90
       50
176
     1
290
     0
176
     1
 90
       50
176
     1
 62
   256
176
     0
 40
1.0
176
     0
 90
        2
176
     1
  1
strokes_ogs.tif
176
     1
290
     0
176
     1
 40
1.0
176
     1
 40
1.0
176
     1
  0
VISUALSTYLE
  5
F8
102
{ACAD_REACTORS
330
EF
102
}
330
EF
100
AcDbVisualStyle
  2
Conceptual
 70
     9
177
     3
291
     0
 70
    58
 90
        3
176
     1
 90
        2
176
     1
 90
        1
176
     1
 90
        0
176
     1
 40
0.6
176
     1
 40
30.0
176
     1
 62
     7
176
     1
 90
        2
176
     1
 90
        2
176
     1
 62
     7
176
     1
 62
   257
176
     1
 90
        1
176
     1
 90
        1
176
     1
 40
40.0
176
     1
 90
        8
176
     1
 62
     7
176
     1
 40
1.0
176
     1
 90
        1
176
     1
 90
        6
176
     1
 90
        2
176
     1
 62
     7
176
     1
 90
        3
176
     1
 90
        0
176
     1
 90
        0
176
     1
290
     0
176
     1
 90
        1
176
     1
 40
0.0
176
     1
 90
        0
176
     1
290
     0
176
     1
290
     1
176
     1
290
     1
176
     1
290
     0
176
     1
290
     0
176
     1
290
     0
176
     1
290
     0
176
     1
290
     0
176
     1
290
     0
176
     1
 90
       50
176
     1
 40
0.0
176
     1
 40
1.0
176
     1
 90
        0
176
     1
 62
    18
176
     1
 90
       50
176
     1
 90
        3
176
     1
 62
     5
420
      255
176
     1
290
     0
176
     1
 90
       50
176
     1
 90
       50
176
     1
 90
       50
176
     1
290
     0
176
     1
 90
       50
176
     1
 62
   256
176
     0
 40
1.0
176
     0
 90
        2
176
     1
  1
strokes_ogs.tif
176
     1
290
     0
176
     1
 40
1.0
176
     1
 40
1.0
176
     1
  0
VISUALSTYLE
  5
FA
102
{ACAD_REACTORS
330
EF
102
}
330
EF
100
AcDbVisualStyle
  2
Dim
 70
    11
177
     3
291
     1
 70
    58
 90
        2
176
     1
 90
        2
176
     1
 90
        1
176
     1
 90
        0
176
     1
 40
0.6
176
     1
 40
30.0
176
     1
 62
     7
176
     1
 90
        1
176
     1
 90
        4
176
     1
 62
     7
176
     1
 62
   257
176
     1
 90
        1
176
     1
 90
        1
176
     1
 40
1.0
176
     1
 90
        8
176
     1
 62
     7
176
     1
 40
1.0
176
     1
 90
        1
176
     1
 90
        6
176
     1
 90
        2
176
     1
 62
     7
176
     1
 90
        5
176
     1
 90
        0
176
     1
 90
        0
176
     1
290
     0
176
     1
 90
        1
176
     1
 40
-50.0
176
     1
 90
        0
176
     1
290
     0
176
     1
290
     1
176
     1
290
     1
176
     1
290
     0
176
     1
290
     0
176
     1
290
     0
176
     1
290
     0
176
     1
290
     0
176
     1
290
     0
176
     1
 90
       50
176
     1
 40
0.0
176
     1
 40
1.0
176
     1
 90
        0
176
     1
 62
    18
176
     1
 90
       50
176
     1
 90
        3
176
     1
 62
     5
420
      255
176
     1
290
     0
176
     1
 90
       50
176
     1
 90
       50
176
     1
 90
       50
176
     1
290
     0
176
     1
 90
       50
176
     1
 62
   256
176
     0
 40
1.0
176
     0
 90
        2
176
     1
  1
strokes_ogs.tif
176
     1
290
     0
176
     1
 40
1.0
176
     1
 40
1.0
176
     1
  0
VISUALSTYLE
  5
268
102
{ACAD_REACTORS
330
EF
102
}
330
EF
100
AcDbVisualStyle
  2
EdgeColorOff
 70
    22
177
     3
291
     1
 70
    58
 90
        2
176
     0
 90
        2
176
     0
 90
        0
176
     0
 90
        0
176
     0
 40
0.6
176
     0
 40
30.0
176
     0
 62
     7
176
     0
 90
        1
176
     0
 90
        4
176
     0
 62
     7
176
     0
 62
   257
176
     0
 90
        1
176
     0
 90
        1
176
     0
 40
1.0
176
     0
 90
        8
176
     2
 62
     7
176
     0
 40
1.0
176
     0
 90
        1
176
     0
 90
        6
176
     0
 90
        2
176
     0
 62
     7
176
     0
 90
        5
176
     0
 90
        0
176
     0
 90
        0
176
     0
290
     0
176
     0
 90
        1
176
     0
 40
0.0
176
     0
 90
        0
176
     0
290
     0
176
     0
290
     1
176
     0
290
     1
176
     0
290
     0
176
     0
290
     0
176
     0
290
     0
176
     0
290
     0
176
     0
290
     0
176
     0
290
     0
176
     0
 90
       50
176
     0
 40
0.0
176
     0
 40
1.0
176
     0
 90
        0
176
     0
 62
    18
176
     0
 90
       50
176
     0
 90
        3
176
     0
 62
     5
420
      255
176
     0
290
     0
176
     0
 90
       50
176
     0
 90
       50
176
     0
 90
       50
176
     0
290
     0
176
     0
 90
       50
176
     0
 62
   256
176
     0
 40
1.0
176
     0
 90
        2
176
     0
  1
strokes_ogs.tif
176
     0
290
     0
176
     0
 40
1.0
176
     0
 40
1.0
176
     0
  0
VISUALSTYLE
  5
FE
102
{ACAD_REACTORS
330
EF
102
}
330
EF
100
AcDbVisualStyle
  2
Facepattern
 70
    15
177
     3
291
     1
 70
    58
 90
        2
176
     1
 90
        2
176
     1
 90
        1
176
     1
 90
        0
176
     1
 40
0.6
176
     1
 40
30.0
176
     1
 62
     7
176
     1
 90
        1
176
     1
 90
        4
176
     1
 62
     7
176
     1
 62
   257
176
     1
 90
        1
176
     1
 90
        1
176
     1
 40
1.0
176
     1
 90
        8
176
     1
 62
     7
176
     1
 40
1.0
176
     1
 90
        1
176
     1
 90
        6
176
     1
 90
        2
176
     1
 62
     7
176
     1
 90
        5
176
     1
 90
        0
176
     1
 90
        0
176
     1
290
     0
176
     1
 90
        1
176
     1
 40
0.0
176
     1
 90
        0
176
     1
290
     0
176
     1
290
     1
176
     1
290
     1
176
     1
290
     0
176
     1
290
     0
176
     1
290
     0
176
     1
290
     0
176
     1
290
     0
176
     1
290
     0
176
     1
 90
       50
176
     1
 40
0.0
176
     1
 40
1.0
176
     1
 90
        0
176
     1
 62
    18
176
     1
 90
       50
176
     1
 90
        3
176
     1
 62
     5
420
      255
176
     1
290
     0
176
     1
 90
       50
176
     1
 90
       50
176
     1
 90
       50
176
     1
290
     0
176
     1
 90
       50
176
     1
 62
   256
176
     0
 40
1.0
176
     0
 90
        2
176
     1
  1
strokes_ogs.tif
176
     1
290
     0
176
     1
 40
1.0
176
     1
 40
1.0
176
     1
  0
VISUALSTYLE
  5
F0
102
{ACAD_REACTORS
330
EF
102
}
330
EF
100
AcDbVisualStyle
  2
Flat
 70
     0
177
     3
291
     1
 70
    58
 90
        2
176
     1
 90
        1
176
     1
 90
        1
176
     1
 90
        2
176
     1
 40
0.6
176
     1
 40
30.0
176
     1
 62
     7
176
     1
 90
        0
176
     1
 90
        4
176
     1
 62
     7
176
     1
 62
   257
176
     1
 90
        1
176
     1
 90
        1
176
     1
 40
1.0
176
     1
 90
        8
176
     1
 62
     7
176
     1
 40
1.0
176
     1
 90
        1
176
     1
 90
        6
176
     1
 90
        2
176
     1
 62
     7
176
     1
 90
        5
176
     1
 90
        0
176
     1
 90
        0
176
     1
290
     0
176
     1
 90
        1
176
     1
 40
0.0
176
     1
 90
        0
176
     1
290
     0
176
     1
290
     1
176
     1
290
     1
176
     1
290
     0
176
     1
290
     0
176
     1
290
     0
176
     1
290
     0
176
     1
290
     0
176
     1
290
     0
176
     1
 90
       50
176
     1
 40
0.0
176
     1
 40
1.0
176
     1
 90
        0
176
     1
 62
    18
176
     1
 90
       50
176
     1
 90
        3
176
     1
 62
     5
420
      255
176
     1
290
     0
176
     1
 90
       50
176
     1
 90
       50
176
     1
 90
       50
176
     1
290
     0
176
     1
 90
       50
176
     1
 62
   256
176
     0
 40
1.0
176
     0
 90
        2
176
     1
  1
strokes_ogs.tif
176
     1
290
     0
176
     1
 40
1.0
176
     1
 40
1.0
176
     1
  0
VISUALSTYLE
  5
F1
102
{ACAD_REACTORS
330
EF
102
}
330
EF
100
AcDbVisualStyle
  2
FlatWithEdges
 70
     1
177
     3
291
     1
 70
    58
 90
        2
176
     1
 90
        1
176
     1
 90
        1
176
     1
 90
        2
176
     1
 40
0.6
176
     1
 40
30.0
176
     1
 62
     7
176
     1
 90
        1
176
     1
 90
        4
176
     1
 62
     7
176
     1
 62
   257
176
     1
 90
        1
176
     1
 90
        1
176
     1
 40
1.0
176
     1
 90
        0
176
     1
 62
   257
176
     1
 40
1.0
176
     1
 90
        1
176
     1
 90
        6
176
     1
 90
        2
176
     1
 62
     7
176
     1
 90
        5
176
     1
 90
        0
176
     1
 90
        0
176
     1
290
     0
176
     1
 90
        1
176
     1
 40
0.0
176
     1
 90
        0
176
     1
290
     0
176
     1
290
     1
176
     1
290
     1
176
     1
290
     0
176
     1
290
     0
176
     1
290
     0
176
     1
290
     0
176
     1
290
     0
176
     1
290
     0
176
     1
 90
       50
176
     1
 40
0.0
176
     1
 40
1.0
176
     1
 90
        0
176
     1
 62
    18
176
     1
 90
       50
176
     1
 90
        3
176
     1
 62
     5
420
      255
176
     1
290
     0
176
     1
 90
       50
176
     1
 90
       50
176
     1
 90
       50
176
     1
290
     0
176
     1
 90
       50
176
     1
 62
   256
176
     0
 40
1.0
176
     0
 90
        2
176
     1
  1
strokes_ogs.tif
176
     1
290
     0
176
     1
 40
1.0
176
     1
 40
1.0
176
     1
  0
VISUALSTYLE
  5
F2
102
{ACAD_REACTORS
330
EF
102
}
330
EF
100
AcDbVisualStyle
  2
Gouraud
 70
     2
177
     3
291
     1
 70
    58
 90
        2
176
     1
 90
        2
176
     1
 90
        1
176
     1
 90
        2
176
     1
 40
0.6
176
     1
 40
30.0
176
     1
 62
     7
176
     1
 90
        0
176
     1
 90
        4
176
     1
 62
     7
176
     1
 62
   257
176
     1
 90
        1
176
     1
 90
        1
176
     1
 40
1.0
176
     1
 90
        0
176
     1
 62
     7
176
     1
 40
1.0
176
     1
 90
        1
176
     1
 90
        6
176
     1
 90
        2
176
     1
 62
     7
176
     1
 90
        5
176
     1
 90
        0
176
     1
 90
        0
176
     1
290
     0
176
     1
 90
        1
176
     1
 40
0.0
176
     1
 90
        0
176
     1
290
     0
176
     1
290
     1
176
     1
290
     1
176
     1
290
     0
176
     1
290
     0
176
     1
290
     0
176
     1
290
     0
176
     1
290
     0
176
     1
290
     0
176
     1
 90
       50
176
     1
 40
0.0
176
     1
 40
1.0
176
     1
 90
        0
176
     1
 62
    18
176
     1
 90
       50
176
     1
 90
        3
176
     1
 62
     5
420
      255
176
     1
290
     0
176
     1
 90
       50
176
     1
 90
       50
176
     1
 90
       50
176
     1
290
     0
176
     1
 90
       50
176
     1
 62
   256
176
     0
 40
1.0
176
     0
 90
        2
176
     1
  1
strokes_ogs.tif
176
     1
290
     0
176
     1
 40
1.0
176
     1
 40
1.0
176
     1
  0
VISUALSTYLE
  5
F3
102
{ACAD_REACTORS
330
EF
102
}
330
EF
100
AcDbVisualStyle
  2
GouraudWithEdges
 70
     3
177
     3
291
     1
 70
    58
 90
        2
176
     1
 90
        2
176
     1
 90
        1
176
     1
 90
        2
176
     1
 40
0.6
176
     1
 40
30.0
176
     1
 62
     7
176
     1
 90
        1
176
     1
 90
        4
176
     1
 62
     7
176
     1
 62
   257
176
     1
 90
        1
176
     1
 90
        1
176
     1
 40
1.0
176
     1
 90
        0
176
     1
 62
   257
176
     1
 40
1.0
176
     1
 90
        1
176
     1
 90
        6
176
     1
 90
        2
176
     1
 62
     7
176
     1
 90
        5
176
     1
 90
        0
176
     1
 90
        0
176
     1
290
     0
176
     1
 90
        1
176
     1
 40
0.0
176
     1
 90
        0
176
     1
290
     0
176
     1
290
     1
176
     1
290
     1
176
     1
290
     0
176
     1
290
     0
176
     1
290
     0
176
     1
290
     0
176
     1
290
     0
176
     1
290
     0
176
     1
 90
       50
176
     1
 40
0.0
176
     1
 40
1.0
176
     1
 90
        0
176
     1
 62
    18
176
     1
 90
       50
176
     1
 90
        3
176
     1
 62
     5
420
      255
176
     1
290
     0
176
     1
 90
       50
176
     1
 90
       50
176
     1
 90
       50
176
     1
290
     0
176
     1
 90
       50
176
     1
 62
   256
176
     0
 40
1.0
176
     0
 90
        2
176
     1
  1
strokes_ogs.tif
176
     1
290
     0
176
     1
 40
1.0
176
     1
 40
1.0
176
     1
  0
VISUALSTYLE
  5
260
102
{ACAD_REACTORS
330
EF
102
}
330
EF
100
AcDbVisualStyle
  2
Hidden
 70
     6
177
     3
291
     0
 70
    58
 90
        1
176
     1
 90
        2
176
     1
 90
        2
176
     1
 90
        0
176
     1
 40
0.6
176
     1
 40
30.0
176
     1
 62
     7
176
     1
 90
        2
176
     1
 90
        2
176
     1
 62
     7
176
     1
 62
   257
176
     1
 90
        2
176
     1
 90
        1
176
     1
 40
40.0
176
     1
 90
        0
176
     1
 62
   257
176
     1
 40
1.0
176
     1
 90
        1
176
     1
 90
        6
176
     1
 90
        2
176
     1
 62
     7
176
     1
 90
        3
176
     1
 90
        0
176
     1
 90
        0
176
     1
290
     0
176
     1
 90
        1
176
     1
 40
0.0
176
     1
 90
        0
176
     1
290
     0
176
     1
290
     1
176
     1
290
     1
176
     1
290
     0
176
     1
290
     0
176
     1
290
     0
176
     1
290
     0
176
     1
290
     0
176
     1
290
     0
176
     1
 90
       50
176
     1
 40
0.0
176
     1
 40
1.0
176
     1
 90
        0
176
     1
 62
    18
176
     1
 90
       50
176
     1
 90
        3
176
     1
 62
     5
420
      255
176
     1
290
     0
176
     1
 90
       50
176
     1
 90
       50
176
     1
 90
       50
176
     1
290
     0
176
     1
 90
       50
176
     1
 62
   256
176
     0
 40
1.0
176
     0
 90
        2
176
     1
  1
strokes_ogs.tif
176
     1
290
     0
176
     1
 40
1.0
176
     1
 40
1.0
176
     1
  0
VISUALSTYLE
  5
266
102
{ACAD_REACTORS
330
EF
102
}
330
EF
100
AcDbVisualStyle
  2
JitterOff
 70
    20
177
     3
291
     1
 70
    58
 90
        2
176
     0
 90
        2
176
     0
 90
        0
176
     0
 90
        0
176
     0
 40
0.6
176
     0
 40
30.0
176
     0
 62
     7
176
     0
 90
        1
176
     0
 90
        4
176
     0
 62
     7
176
     0
 62
   257
176
     0
 90
        1
176
     0
 90
        1
176
     0
 40
1.0
176
     0
 90
       10
176
     2
 62
     7
176
     0
 40
1.0
176
     0
 90
        1
176
     0
 90
        6
176
     0
 90
        2
176
     0
 62
     7
176
     0
 90
        5
176
     0
 90
        0
176
     0
 90
        0
176
     0
290
     0
176
     0
 90
        1
176
     0
 40
0.0
176
     0
 90
        0
176
     0
290
     0
176
     0
290
     1
176
     0
290
     1
176
     0
290
     0
176
     0
290
     0
176
     0
290
     0
176
     0
290
     0
176
     0
290
     0
176
     0
290
     0
176
     0
 90
       50
176
     0
 40
0.0
176
     0
 40
1.0
176
     0
 90
        0
176
     0
 62
    18
176
     0
 90
       50
176
     0
 90
        3
176
     0
 62
     5
420
      255
176
     0
290
     0
176
     0
 90
       50
176
     0
 90
       50
176
     0
 90
       50
176
     0
290
     0
176
     0
 90
       50
176
     0
 62
   256
176
     0
 40
1.0
176
     0
 90
        2
176
     0
  1
strokes_ogs.tif
176
     0
290
     0
176
     0
 40
1.0
176
     0
 40
1.0
176
     0
  0
VISUALSTYLE
  5
FD
102
{ACAD_REACTORS
330
EF
102
}
330
EF
100
AcDbVisualStyle
  2
Linepattern
 70
    14
177
     3
291
     1
 70
    58
 90
        2
176
     1
 90
        2
176
     1
 90
        1
176
     1
 90
        0
176
     1
 40
0.6
176
     1
 40
30.0
176
     1
 62
     7
176
     1
 90
        1
176
     1
 90
        4
176
     1
 62
     7
176
     1
 62
   257
176
     1
 90
        7
176
     1
 90
        7
176
     1
 40
1.0
176
     1
 90
        8
176
     1
 62
     7
176
     1
 40
1.0
176
     1
 90
        1
176
     1
 90
        6
176
     1
 90
        2
176
     1
 62
     7
176
     1
 90
        5
176
     1
 90
        0
176
     1
 90
        0
176
     1
290
     0
176
     1
 90
        1
176
     1
 40
0.0
176
     1
 90
        0
176
     1
290
     0
176
     1
290
     1
176
     1
290
     1
176
     1
290
     0
176
     1
290
     0
176
     1
290
     0
176
     1
290
     0
176
     1
290
     0
176
     1
290
     0
176
     1
 90
       50
176
     1
 40
0.0
176
     1
 40
1.0
176
     1
 90
        0
176
     1
 62
    18
176
     1
 90
       50
176
     1
 90
        3
176
     1
 62
     5
420
      255
176
     1
290
     0
176
     1
 90
       50
176
     1
 90
       50
176
     1
 90
       50
176
     1
290
     0
176
     1
 90
       50
176
     1
 62
   256
176
     0
 40
1.0
176
     0
 90
        2
176
     1
  1
strokes_ogs.tif
176
     1
290
     0
176
     1
 40
1.0
176
     1
 40
1.0
176
     1
  0
VISUALSTYLE
  5
267
102
{ACAD_REACTORS
330
EF
102
}
330
EF
100
AcDbVisualStyle
  2
OverhangOff
 70
    21
177
     3
291
     1
 70
    58
 90
        2
176
     0
 90
        2
176
     0
 90
        0
176
     0
 90
        0
176
     0
 40
0.6
176
     0
 40
30.0
176
     0
 62
     7
176
     0
 90
        1
176
     0
 90
        4
176
     0
 62
     7
176
     0
 62
   257
176
     0
 90
        1
176
     0
 90
        1
176
     0
 40
1.0
176
     0
 90
        9
176
     2
 62
     7
176
     0
 40
1.0
176
     0
 90
        1
176
     0
 90
        6
176
     0
 90
        2
176
     0
 62
     7
176
     0
 90
        5
176
     0
 90
        0
176
     0
 90
        0
176
     0
290
     0
176
     0
 90
        1
176
     0
 40
0.0
176
     0
 90
        0
176
     0
290
     0
176
     0
290
     1
176
     0
290
     1
176
     0
290
     0
176
     0
290
     0
176
     0
290
     0
176
     0
290
     0
176
     0
290
     0
176
     0
290
     0
176
     0
 90
       50
176
     0
 40
0.0
176
     0
 40
1.0
176
     0
 90
        0
176
     0
 62
    18
176
     0
 90
       50
176
     0
 90
        3
176
     0
 62
     5
420
      255
176
     0
290
     0
176
     0
 90
       50
176
     0
 90
       50
176
     0
 90
       50
176
     0
290
     0
176
     0
 90
       50
176
     0
 62
   256
176
     0
 40
1.0
176
     0
 90
        2
176
     0
  1
strokes_ogs.tif
176
     0
290
     0
176
     0
 40
1.0
176
     0
 40
1.0
176
     0
  0
VISUALSTYLE
  5
F9
102
{ACAD_REACTORS
330
EF
102
}
330
EF
100
AcDbVisualStyle
  2
Realistic
 70
     8
177
     3
291
     0
 70
    58
 90
        2
176
     1
 90
        2
176
     1
 90
        1
176
     1
 90
        0
176
     1
 40
0.6
176
     1
 40
30.0
176
     1
 62
     7
176
     1
 90
        1
176
     1
 90
        0
176
     1
 62
     7
176
     1
 62
   257
176
     1
 90
        1
176
     1
 90
        1
176
     1
 40
1.0
176
     1
 90
        8
176
     1
 62
     8
176
     1
 40
1.0
176
     1
 90
        1
176
     1
 90
        6
176
     1
 90
        2
176
     1
 62
     7
176
     1
 90
        5
176
     1
 90
        0
176
     1
 90
        0
176
     1
290
     0
176
     1
 90
       13
176
     1
 40
0.0
176
     1
 90
        0
176
     1
290
     0
176
     1
290
     1
176
     1
290
     1
176
     1
290
     0
176
     1
290
     0
176
     1
290
     0
176
     1
290
     0
176
     1
290
     0
176
     1
290
     0
176
     1
 90
       50
176
     1
 40
0.0
176
     1
 40
1.0
176
     1
 90
        0
176
     1
 62
    18
176
     1
 90
       50
176
     1
 90
        3
176
     1
 62
     5
420
      255
176
     1
290
     0
176
     1
 90
       50
176
     1
 90
       50
176
     1
 90
       50
176
     1
290
     0
176
     1
 90
       50
176
     1
 62
   256
176
     0
 40
1.0
176
     0
 90
        2
176
     1
  1
strokes_ogs.tif
176
     1
290
     0
176
     1
 40
1.0
176
     1
 40
1.0
176
     1
  0
VISUALSTYLE
  5
265
102
{ACAD_REACTORS
330
EF
102
}
330
EF
100
AcDbVisualStyle
  2
Shaded
 70
    27
177
     3
291
     0
 70
    58
 90
        2
176
     1
 90
        2
176
     1
 90
        1
176
     1
 90
        2
176
     1
 40
0.6
176
     1
 40
30.0
176
     1
 62
     7
176
     1
 90
        0
176
     1
 90
        4
176
     1
 62
     7
176
     1
 62
   257
176
     1
 90
        1
176
     1
 90
        1
176
     1
 40
1.0
176
     1
 90
        8
176
     1
 62
   257
176
     1
 40
1.0
176
     1
 90
        1
176
     1
 90
        6
176
     1
 90
        2
176
     1
 62
     8
176
     1
 90
        3
176
     1
 90
        0
176
     1
 90
        0
176
     1
290
     0
176
     1
 90
        5
176
     1
 40
0.0
176
     1
 90
        0
176
     1
290
     0
176
     1
290
     1
176
     1
290
     1
176
     1
290
     0
176
     1
290
     0
176
     1
290
     0
176
     1
290
     0
176
     1
290
     0
176
     1
290
     0
176
     1
 90
       50
176
     1
 40
0.0
176
     1
 40
1.0
176
     1
 90
        0
176
     1
 62
    18
176
     1
 90
       50
176
     1
 90
        3
176
     1
 62
     5
420
      255
176
     1
290
     0
176
     1
 90
       50
176
     1
 90
       50
176
     1
 90
       50
176
     1
290
     0
176
     1
 90
       50
176
     1
 62
   256
176
     0
 40
1.0
176
     0
 90
        2
176
     1
  1
strokes_ogs.tif
176
     1
290
     0
176
     1
 40
1.0
176
     1
 40
1.0
176
     1
  0
VISUALSTYLE
  5
264
102
{ACAD_REACTORS
330
EF
102
}
330
EF
100
AcDbVisualStyle
  2
Shaded with edges
 70
    26
177
     3
291
     0
 70
    58
 90
        2
176
     1
 90
        2
176
     1
 90
        1
176
     1
 90
        2
176
     1
 40
0.6
176
     1
 40
30.0
176
     1
 62
     7
176
     1
 90
        1
176
     1
 90
        2
176
     1
 62
     7
176
     1
 62
   257
176
     1
 90
        2
176
     1
 90
        1
176
     1
 40
1.0
176
     1
 90
        8
176
     1
 62
   257
176
     1
 40
1.0
176
     1
 90
        1
176
     1
 90
        6
176
     1
 90
        2
176
     1
 62
     7
176
     1
 90
        3
176
     1
 90
        0
176
     1
 90
        0
176
     1
290
     0
176
     1
 90
        5
176
     1
 40
0.0
176
     1
 90
        0
176
     1
290
     0
176
     1
290
     1
176
     1
290
     1
176
     1
290
     0
176
     1
290
     0
176
     1
290
     0
176
     1
290
     0
176
     1
290
     0
176
     1
290
     0
176
     1
 90
       50
176
     1
 40
0.0
176
     1
 40
1.0
176
     1
 90
        0
176
     1
 62
    18
176
     1
 90
       50
176
     1
 90
        3
176
     1
 62
     5
420
      255
176
     1
290
     0
176
     1
 90
       50
176
     1
 90
       50
176
     1
 90
       50
176
     1
290
     0
176
     1
 90
       50
176
     1
 62
   256
176
     0
 40
1.0
176
     0
 90
        2
176
     1
  1
strokes_ogs.tif
176
     1
290
     0
176
     1
 40
1.0
176
     1
 40
1.0
176
     1
  0
VISUALSTYLE
  5
261
102
{ACAD_REACTORS
330
EF
102
}
330
EF
100
AcDbVisualStyle
  2
Shades of Gray
 70
    23
177
     3
291
     0
 70
    58
 90
        2
176
     1
 90
        2
176
     1
 90
        3
176
     1
 90
        0
176
     1
 40
0.6
176
     1
 40
30.0
176
     1
 62
     7
176
     1
 90
        2
176
     1
 90
        2
176
     1
 62
     7
176
     1
 62
     7
176
     1
 90
        1
176
     1
 90
        1
176
     1
 40
40.0
176
     1
 90
        8
176
     1
 62
     7
176
     1
 40
1.0
176
     1
 90
        1
176
     1
 90
        6
176
     1
 90
        2
176
     1
 62
     7
176
     1
 90
        3
176
     1
 90
        0
176
     1
 90
        0
176
     1
290
     0
176
     1
 90
        1
176
     1
 40
0.0
176
     1
 90
        0
176
     1
290
     0
176
     1
290
     1
176
     1
290
     1
176
     1
290
     0
176
     1
290
     0
176
     1
290
     0
176
     1
290
     0
176
     1
290
     0
176
     1
290
     0
176
     1
 90
       50
176
     1
 40
0.0
176
     1
 40
1.0
176
     1
 90
        0
176
     1
 62
    18
176
     1
 90
       50
176
     1
 90
        3
176
     1
 62
     5
420
      255
176
     1
290
     0
176
     1
 90
       50
176
     1
 90
       50
176
     1
 90
       50
176
     1
290
     0
176
     1
 90
       50
176
     1
 62
   256
176
     0
 40
1.0
176
     0
 90
        2
176
     1
  1
strokes_ogs.tif
176
     1
290
     0
176
     1
 40
1.0
176
     1
 40
1.0
176
     1
  0
VISUALSTYLE
  5
262
102
{ACAD_REACTORS
330
EF
102
}
330
EF
100
AcDbVisualStyle
  2
Sketchy
 70
    24
177
     3
291
     0
 70
    58
 90
        1
176
     1
 90
        2
176
     1
 90
        2
176
     1
 90
        0
176
     1
 40
0.6
176
     1
 40
30.0
176
     1
 62
     7
176
     1
 90
        2
176
     1
 90
        2
176
     1
 62
     7
176
     1
 62
     7
176
     1
 90
        1
176
     1
 90
        1
176
     1
 40
40.0
176
     1
 90
       11
176
     1
 62
     7
176
     1
 40
1.0
176
     1
 90
        1
176
     1
 90
        6
176
     1
 90
        2
176
     1
 62
     7
176
     1
 90
        6
176
     1
 90
        0
176
     1
 90
        0
176
     1
290
     0
176
     1
 90
        1
176
     1
 40
0.0
176
     1
 90
        0
176
     1
290
     0
176
     1
290
     1
176
     1
290
     1
176
     1
290
     0
176
     1
290
     0
176
     1
290
     0
176
     1
290
     0
176
     1
290
     0
176
     1
290
     0
176
     1
 90
       50
176
     1
 40
0.0
176
     1
 40
1.0
176
     1
 90
        0
176
     1
 62
    18
176
     1
 90
       50
176
     1
 90
        3
176
     1
 62
     5
420
      255
176
     1
290
     0
176
     1
 90
       50
176
     1
 90
       50
176
     1
 90
       50
176
     1
290
     0
176
     1
 90
       50
176
     1
 62
   256
176
     0
 40
1.0
176
     0
 90
        2
176
     1
  1
strokes_ogs.tif
176
     1
290
     0
176
     1
 40
1.0
176
     1
 40
1.0
176
     1
  0
VISUALSTYLE
  5
FC
102
{ACAD_REACTORS
330
EF
102
}
330
EF
100
AcDbVisualStyle
  2
Thicken
 70
    13
177
     3
291
     1
 70
    58
 90
        2
176
     1
 90
        2
176
     1
 90
        1
176
     1
 90
        0
176
     1
 40
0.6
176
     1
 40
30.0
176
     1
 62
     7
176
     1
 90
        1
176
     1
 90
        4
176
     1
 62
     7
176
     1
 62
   257
176
     1
 90
        1
176
     1
 90
        1
176
     1
 40
1.0
176
     1
 90
       12
176
     1
 62
     7
176
     1
 40
1.0
176
     1
 90
        1
176
     1
 90
        6
176
     1
 90
        2
176
     1
 62
     7
176
     1
 90
        5
176
     1
 90
        0
176
     1
 90
        0
176
     1
290
     0
176
     1
 90
        1
176
     1
 40
0.0
176
     1
 90
        0
176
     1
290
     0
176
     1
290
     1
176
     1
290
     1
176
     1
290
     0
176
     1
290
     0
176
     1
290
     0
176
     1
290
     0
176
     1
290
     0
176
     1
290
     0
176
     1
 90
       50
176
     1
 40
0.0
176
     1
 40
1.0
176
     1
 90
        0
176
     1
 62
    18
176
     1
 90
       50
176
     1
 90
        3
176
     1
 62
     5
420
      255
176
     1
290
     0
176
     1
 90
       50
176
     1
 90
       50
176
     1
 90
       50
176
     1
290
     0
176
     1
 90
       50
176
     1
 62
   256
176
     0
 40
1.0
176
     0
 90
        2
176
     1
  1
strokes_ogs.tif
176
     1
290
     0
176
     1
 40
1.0
176
     1
 40
1.0
176
     1
  0
VISUALSTYLE
  5
25F
102
{ACAD_REACTORS
330
EF
102
}
330
EF
100
AcDbVisualStyle
  2
Wireframe
 70
     5
177
     3
291
     0
 70
    58
 90
        0
176
     1
 90
        2
176
     1
 90
        0
176
     1
 90
        0
176
     1
 40
0.6
176
     1
 40
30.0
176
     1
 62
     7
176
     1
 90
        1
176
     1
 90
        4
176
     1
 62
     7
176
     1
 62
   257
176
     1
 90
        1
176
     1
 90
        1
176
     1
 40
1.0
176
     1
 90
        0
176
     1
 62
   257
176
     1
 40
1.0
176
     1
 90
        1
176
     1
 90
        6
176
     1
 90
        2
176
     1
 62
     7
176
     1
 90
        3
176
     1
 90
        0
176
     1
 90
        0
176
     1
290
     0
176
     1
 90
        1
176
     1
 40
0.0
176
     1
 90
        0
176
     1
290
     0
176
     1
290
     1
176
     1
290
     1
176
     1
290
     0
176
     1
290
     0
176
     1
290
     0
176
     1
290
     0
176
     1
290
     0
176
     1
290
     0
176
     1
 90
       50
176
     1
 40
0.0
176
     1
 40
1.0
176
     1
 90
        0
176
     1
 62
    18
176
     1
 90
       50
176
     1
 90
        3
176
     1
 62
     5
420
      255
176
     1
290
     0
176
     1
 90
       50
176
     1
 90
       50
176
     1
 90
       50
176
     1
290
     0
176
     1
 90
       50
176
     1
 62
   256
176
     0
 40
1.0
176
     0
 90
        2
176
     1
  1
strokes_ogs.tif
176
     1
290
     0
176
     1
 40
1.0
176
     1
 40
1.0
176
     1
  0
VISUALSTYLE
  5
263
102
{ACAD_REACTORS
330
EF
102
}
330
EF
100
AcDbVisualStyle
  2
X-Ray
 70
    25
177
     3
291
     0
 70
    58
 90
        2
176
     1
 90
        2
176
     1
 90
        1
176
     1
 90
        1
176
     1
 40
0.5
176
     1
 40
30.0
176
     1
 62
     7
176
     1
 90
        1
176
     1
 90
        0
176
     1
 62
     7
176
     1
 62
   257
176
     1
 90
        1
176
     1
 90
        1
176
     1
 40
1.0
176
     1
 90
        8
176
     1
 62
     7
176
     1
 40
1.0
176
     1
 90
        1
176
     1
 90
        6
176
     1
 90
        2
176
     1
 62
     7
176
     1
 90
        3
176
     1
 90
        0
176
     1
 90
        0
176
     1
290
     0
176
     1
 90
       13
176
     1
 40
0.0
176
     1
 90
        0
176
     1
290
     0
176
     1
290
     1
176
     1
290
     1
176
     1
290
     0
176
     1
290
     0
176
     1
290
     0
176
     1
290
     0
176
     1
290
     0
176
     1
290
     0
176
     1
 90
       50
176
     1
 40
0.0
176
     1
 40
1.0
176
     1
 90
        0
176
     1
 62
    18
176
     1
 90
       50
176
     1
 90
        3
176
     1
 62
     5
420
      255
176
     1
290
     0
176
     1
 90
       50
176
     1
 90
       50
176
     1
 90
       50
176
     1
290
     0
176
     1
 90
       50
176
     1
 62
   256
176
     0
 40
1.0
176
     0
 90
        2
176
     1
  1
strokes_ogs.tif
176
     1
290
     0
176
     1
 40
1.0
176
     1
 40
1.0
176
     1
  0
DICTIONARYVAR
  5
146
102
{ACAD_REACTORS
330
5E
102
}
330
5E
100
DictionaryVariables
280
     0
  1
1:1
  0
DICTIONARYVAR
  5
145
102
{ACAD_REACTORS
330
5E
102
}
330
5E
100
DictionaryVariables
280
     0
  1
STANDARD
  0
DICTIONARYVAR
  5
84
102
{ACAD_REACTORS
330
5E
102
}
330
5E
100
DictionaryVariables
280
     0
  1
STANDARD
  0
DICTIONARYVAR
  5
64D
102
{ACAD_REACTORS
330
5E
102
}
330
5E
100
DictionaryVariables
280
     0
  1
Metric50
  0
DICTIONARYVAR
  5
64E
102
{ACAD_REACTORS
330
5E
102
}
330
5E
100
DictionaryVariables
280
     0
  1
Metric50
  0
DICTIONARYVAR
  5
5F
102
{ACAD_REACTORS
330
5E
102
}
330
5E
100
DictionaryVariables
280
     0
  1
2
  0
DICTIONARYVAR
  5
63
102
{ACAD_REACTORS
330
5E
102
}
330
5E
100
DictionaryVariables
280
     0
  1
1
  0
DICTIONARYVAR
  5
9CD0
102
{ACAD_REACTORS
330
5E
102
}
330
5E
100
DictionaryVariables
280
     0
  1
5
  0
DICTIONARYVAR
  5
1016DB1
102
{ACAD_REACTORS
330
5E
102
}
330
5E
100
DictionaryVariables
280
     0
  1
ByLayer
  0
DICTIONARYVAR
  5
1015929
102
{ACAD_REACTORS
330
5E
102
}
330
5E
100
DictionaryVariables
280
     0
  1
0
  0
DICTIONARYVAR
  5
1AE
102
{ACAD_REACTORS
330
5E
102
}
330
5E
100
DictionaryVariables
280
     0
  1
0
  0
DICTIONARYVAR
  5
1AF
102
{ACAD_REACTORS
330
5E
102
}
330
5E
100
DictionaryVariables
280
     0
  1
0
  0
DICTIONARYVAR
  5
1015927
102
{ACAD_REACTORS
330
5E
102
}
330
5E
100
DictionaryVariables
280
     0
  1
2
  0
DICTIONARYVAR
  5
1015926
102
{ACAD_REACTORS
330
5E
102
}
330
5E
100
DictionaryVariables
280
     0
  1
1
  0
DICTIONARYVAR
  5
101592B
102
{ACAD_REACTORS
330
5E
102
}
330
5E
100
DictionaryVariables
280
     0
  1
1
  0
DICTIONARYVAR
  5
1015928
102
{ACAD_REACTORS
330
5E
102
}
330
5E
100
DictionaryVariables
280
     0
  1
127
  0
DICTIONARY
  5
60B
330
22
100
AcDbDictionary
280
     1
281
     1
  0
DICTIONARY
  5
173
330
EE
100
AcDbDictionary
280
     1
281
     1
  3
BUMPTILE
360
175
  3
DIFFUSETILE
360
174
  3
FBXASSET
360
5E8
  3
OPACITYTILE
360
176
  3
REFLECTIONTILE
360
177
  0
DICTIONARY
  5
162
330
7F
100
AcDbDictionary
280
     1
281
     1
  3
ACAD_ROUNDTRIP_2008_TABLESTYLE_CELLSTYLEMAP
360
1017152
  0
XRECORD
  5
175
102
{ACAD_REACTORS
330
173
102
}
330
173
100
AcDbXrecord
280
     1
270
     1
271
     1
  0
XRECORD
  5
174
102
{ACAD_REACTORS
330
173
102
}
330
173
100
AcDbXrecord
280
     1
270
     1
271
     1
  0
XRECORD
  5
5E8
102
{ACAD_REACTORS
330
173
102
}
330
173
100
AcDbXrecord
280
     1
 70
     1
 90
1673772943
 71
     1
  1
9334324A-F1A9-40B3-9652-DCFBE59F369B
311
504B03041400060808006EADFB50297A2B20D4000000200100004F00000046353739364332392D333135422D343333372D393731312D3934383236303242333437372F4173736574446174612F446566696E6974696F6E4974657261746F7250726F706572746965732E62696E4550CD4EC3300CCE383071E0C01BEC05B2B4
311
71DAE049082D1BDD890B3CC0E415B3554ADB6969C595236F0D8918CCD2E7CFFFB6FC2584F83E4B34C524E233EADBC81BEEF8D4D4AFF5815B12D729E2FB1DF9E9257715CDE4AEF99D463FA4AEE726D4EC3D75DC8FE1EE523A6B6988E3C8CF53D34DC45F20A409FBDF6569FF47443A2931BD1D178F14020F0FAA2A2C962B8D12
311
F2C249036025DA3C9768EE75996907C65AF5C2A11F4F3507850006B459CA2A5FA23499038965A1E57A55B9A7022B28D1A9E130B6BB8E1AAF32753E617BECF6FF3FF901504B03041400060808006EADFB50664F3DEA00010000300200004500000046353739364332392D333135422D343333372D393731312D393438323630
311
3242333437372F4173736574446174612F496E7374616E636550726F706572746965732E62696EEB606060F80F0540260323103700495E20ED9E9A975A94991C9C9C919A9BA80214B034363631363271D4753374B4D435317032D6B5343335D2757176737235B5743336B374624768046931363471713532B5D435353131D6
311
35313332D475727372D13534373670367376B67474B5042A03DBCBA019D37FE8ABC6157B20CD04146B0062181F4C03F940F0C11EA29A8141C08141002C0426541C106CAC2CA046088033B02A030AC2157C6006F21A8018AAF50194E6010A610250382264E08660284CD9E98021862280A91564B406929A0FF62C401E28B6F8
311
8038B83CB1243943D7A928312F2535052403520FA4E000C4E7807805AC0B6616C2B970A560062EFD00504B03041400060808006EADFB5088E57597CD3F0000904100006B00000046353739364332392D333135422D343333372D393731312D3934383236303242333437372F5265736F75726365732F39333334333234412D
311
463141392D343042332D393635322D4443464245353946333639422F7468756D626E61696C2F302F67656E657269635F706E67355B773CD4FF1FBF73E71C0E67EF7576C9DEF3EC995D46C6A1EC5046649CBDF79E192942562825CE965D8A868C2842C8DE9FDFD1F7E7F138F7078FCF6B3F5FCFD7EBFDFEC41B196891913091
311
804020321D6D7513FC77D8C5070EC3FFEE51B21F068154CC75D455CC028A3EA68992803810109FDDE5D5CEC5521B28A1B422BF80741695D5B529DA1C2D058AD2388BDA9F476F7C2CADC939304173DBF48A452BF8A700C0C70C3D121C1AA15A5270C22E2B9E28763651F7DA0D12CE11077B2ECD0D560B5E3DE2368B1E65C5E1
311
C87384A4CC5F2D9FB8BE39E9B77C753783A37998F5CEF1B4FEE553463245C9712270880DF339E0B882A6BA713D865F6F384C842D440934EF264F4A304F8DE4EEFA1E2BF5E2D91F5ADD9613D6E31DDB33ED31DB1D7916CAF091286EA3D31B9CFECB78BB0060245B943C4C040119FF780A74DD308BA9D028678674EB5504ECF2
311
84EE814DAED07440BAF649BE4B55DA2890F4D73E2D489A59EE54FDB0A85B59F2F52C4858A02705C4815A792B0C4A996A2023ECB195073E115E3E3647F64243A8338F2000BCB58DA5692C7E7C3D413F963FEDF3CF00FBB0F831A9D51360FECA43819F527B89FA260EB63C5DA676830AA3626A3693B23F1A17A0DFFCE3EE164E
311
31B5365EDF0C89EF64D8E38AB0BA9A1117D7C3A0EC44F44F4023095E80BA610DE336D0F99593A88BFC5306E72DF98F7FD132ED95878DF2964EA7E43071359FD83B2BDF9C6B5BDF768F0F3C0FC351199526F53D9460A34511F75D1B63E488178569472C91A94497807A3FD4A390C6558F26D416365C3656DE6E769DA9D8FC73
311
774E1709812842DD8EF96AED1960F79D21B395CDDFE6F92CB4EB962A4668C76990E2EF29798C8941D67DA50F4A5F947872460F1F6FDB794E8A29FD7AC0C0D6E0714339CE258FB17AE8535221E3464A10F29A0BE5EEECEFC5675926A89F49EB14E5711894F6586DB5754EB4D5DA9C6437EBA57DB97A24F8B8A8DB295FFD7326
311
6CF57E82694DF5166DDF93573AFE9C9C5EB05F8FEF8E89E0A8917B0B3724DB7BEBB53252581EFC3E38166BA131A3A5B42FE2AD00A769BBFA4458D2DE7822F8C4F63D0B8E21B285AE13325F3410A435C648C9D91FDEB109E73CEDA7BC796961AF79175E1A3CE4C5E8B0D009B0C9E29EFD98BC8E97554E3D8D838424E270F768
311
5226E5AC268E021EDE3522D583E8F20C0BDE2959EF5BBFEEDAB32FE9A3ED0E39F211A86AA9DEBFC68182EDED132AB8BB794442D2D7EA9F4D8BFF52BC4D55BB165124EE90A42D101E67BBBB292FFB4F66DE5BF2300E44546757DA7CEF8932BFC9F92A0707953491A55C5A5ACEDABD9FA1AEA01BAC3DC5A24E22E7C472134939
311
96EFBC369D086ED9397C9BA6C7F9855C7BD5E15BFC8C53DB3D2A4C5901A57ACD2FBDF4D1676E95338B2C2BCE65FDA4C64F5FEFDC7D9CA5AA1FCF11E193F2FDABF0F4916BF13FB916A224380E6462A9815F2300DC49CC4DF8D055CEF76462F4B7A7ACA7365C2707891370BC1D0AA6203C44CCAB47084FEC057F27FFCD57F89B
311
8B9852459798A675C66BD7CE572CAF71FF7E6D7ECF7BF62CAB7B3F1107DCD04DC55A3F9961700286141C94A4F771FEB2BCDA2DDEE0CB0BAE402FF1DB0100F8E475DFFFC074DDB4498AB7D186A7654DDB1CB680D703D47CEB4E72F8CB13D86A4AA68116E26387B93FD6738779B34FEDB8E517EDF2BAF28D9BE93A1D3A164320
311
E07D42E514725C29515FF361754213EDE06B079A2E99EB1CA82A02019EADEEB87B9AF005BD04BBCECB14AACD6B24EFBE482194A97DD32400685FF1FEF1544D1B14EFB1E7F08E6D2CD2AF52DE757F35F5E62332EE88EA26417AD5C3E0E319D68F25414E6D672BD4522B278C57D18F0113921C71D96527E091F00CEB15AE23D2
311
4667369BD3CEFA10C7549D930890BA4366F4EBC55F01F746109F98ABCDD5A3EE06619C6AD78AB33E48E4C9BD21BF7478B385EC05C4F8987E2C1BFA0A60EBEDAA0AE0B015C2720ECE180FB6F2DEFBEB822D96338C9B63822183BBF52FB664A7AE57003AABCE512BF77E7E31BDA2E739AC4C131657DDFE5225E900FB56CC01CD
311
E808FA4A9C9DA16AC679656BB64796283D89812B8F91136AE18EE5EBBAF47A73BE3C153EB5D4CD491B4BFB4FE690A4CF9ABA08C0D8AA64220C438C96EA6CA80B58FE5761E697B3A292EB9FBDA502FA863E49FE694ADDFFF9D62C520BDD1A22014147A0903A05B9B729F54272EF83931FEEC057BFF8C8055C279EAC5C001180
311
4828734024F6CFA319C9CC6867C727184465CD9BB7ED386AFFD96B294A85E3802FAE47244602D8273615952B98C4F23F7EAE4463D9D638EEE374A20959E0FE519C4CFB0FBFE5DD80C2AA3F9DB961D1BDE57E67C9BB47B77FDD74EE3094F5DBBE3EBC1FBDB7393F5116263009E2EFE1AF9A221B2AE234C902BF70E9F280ED23
311
E73908361565964333A3F01D0B006AF32FB21AA1316744B489D5A198E85299241735BE559675130955C902A8ED761FC0DBE337A9F91919AF5CE32AF902ADF9AB2615E00E8A94586BA1A90839B61832FF1BFB76D2EFADE6DB1BA04CCAD3DA649E7E2A0219F592E22F2AD54847EEA8E42271011E9074F8F3DD9FBA6CDF88FFC9
311
FC7E811AD1CA8F4557CE4AFC7BBEDCF0114A48689F20A584520C74DA8127124B767E2FB91A6B186246727BE63C9445BAE02088D58B8EFDC0F1072407CD9B89A13F6303B4A928F593AD489B58E6869325790ADC406036C591729FE14021F94B7796BB11848D463536A092A26F077F94639F7CEEE2A724C66EC885F4A24F8B8A
311
0AC321F8FD149BA529460FAA34E4663C02D41FDF80BCA222D42F0ABFF8490F4FA74C673807C2051D8E467B47B616072860069A9A303ABA9B319D58404461401B0A0F9BE5E1E151C14BC33B32ABE03DDE91708DFAEB15E7C0D593C86BB7D7EC17BE56E57975F077BFD5525F3A1A361D584A75E08CF29FC7B44B2B3085014F3A
311
5A14517377C3F6B8F37E59514C3B12F8AACDEDDA4DFC49BE5710101534CD6FB6DE15B50F11A09472AABA727F0C49D9CB906B158030065F48EB3625E010CEC1D511D0053474B11E6A4F01C0D6EF1BED3A944FDEC70E0DDCDC756C86545910E0DAE3BE3AA9A404574C2995CD5CAF9549226BC94B4F4F0F5F9086F418F6B32346
311
464610D8BC7391D3C3A3CCF04CFC1FB2A3A3170E369511868F14EEA4E5E438CC73DB1F3248AA94B6B2FF33B222FF3D1E7BF146CAD229770158063BCE4F5391964DF62F7E52A7BE0EEA829C9E13C4C147D6F93FE59E111DAB5E4594D6F3CD1AD375EE039930EFE5AF2BB2D41C83C7DABD8C659BAFBE8FAB392CA634F3D15C1D
311
945DB4588D2B0824A4EC928AAC565557CA2F0DAA588CA5BE30B3A8004F7BF005E96CBF891D7F18112A3619FDF530DC8AA64954258E1811789B5189B49B4EB53F5F89F7D37523894F3EB57B373763C91E502F52CC99EB7BDDF933FC324C4FFC2561DFFA7339FAFDD0A4BFBE6D3A8FF9ED1FC498981398646024589689131819
311
18F719CCF5A68B2EE9C1FF050E34E63107003B8120FA982C21B30A874E4F5E4B38D5A8290C4B8D9BE48A0BE31EA995BDC37AC6DE90BA17D259DEF53605D55922FEB1855D915B659FBEB350EE0DFB2F9F766E1C84CC8964B75D08667445EAB966015F63A18A9E0A325C1B3DC628C0D3CB60F767FA93CC65F25458BD23C3B312
311
716E5F40E5858AC06EBA9AB14F95DB99147B832069201541D09A0D856E12C629CF32683760EE855537D1901988D5EBC156676C7DD51D7207CF3267AF1D76C2AD867315E44618015313A98B19941C696FED3461CAA9B5415F918556D7802EDACEFD6B2E45853A9735DFC9DBF7E440F9319F8B6805A973BCCDC76C069A9144E5
311
1F187EDCC12FC31B5DEAAF0A76137199B106EC84ADA6B6EE697D4E6A96E007417F4E880E8B1E89B4BCE9D81EF611E2ED8F0C1A6C25F620FAFAAB656A7C42D464880E8AFAB0E0FC8EA38CA9A8AEEAEE3E4648BA4680270A89743CDD3E6C6CBF34B7B640EFA285ABC7EA0A1E28F3CC963D114A80123EE66D0AF7D5380EB41909
311
B605AB4765B709B808590458157E69BA1378FEC4B48CAF6A730E3BE3C5EF2DD1A5EAF94B1DDE50CEB55DDFD7EE9A16747FA4B223359FB1FCC69E1194892BABB93A1D5C4E807AC0EA2E30180811E77A2291F6E7F7FAA5E0F60215BC6024E48DE436C511F0628B8CA189982D4D83CCA17D305A7E923C37941CFDFDCD93ACAF73
311
5EF5F0E61BBD3E6C41A59B242790D3A3BAC7064DCD89AA2E37214EC839820949D5CAA31E240D2948E48F690298974A96BA9A8432BC90F5071D6537C9666EA4564796B7AFFFA548077BEEA75F63083435074BA182F3699557397F71548383FDA8CA34D99B981E72835ECDA5DDDC151315173D05A21F651AAF8524E88209E2E7
311
A737ED1045800CE3390050BCFB8BE588DF111617874C62575039CA588EEFDEFEFE319B739DE2EDC147092A262611E159650E787917885EF08F1F51B8F2D8A71D60B58B190FEF9541A1BE94BC19FEA50784DA1419FE4B0FB51B8D36B5FF8E1286FD8AF42B91E59A5F1CC4D60174E764045FD8C57B18209B217F89A62252BD20
311
BE0E63E12B8E8F029FE19E0E8D0870F58721A557082250D5424F7909369376E41666C0EE77CD87CB283F661D5FB6D0DA023CB67320A20DC7BE661E9E1BFE5463085C557DA1FF9BE835733766C3D139F2CF9E2208873AD0EB4814DE9E6BF2CAF81614D4D43906ED1C05A3265CABBFE192770FC2F64F940CB6B17B5F166F133C
311
9AEEAD2641807C3E69515171DD74C4A85311513D6EC9530B3B601B6BA3EBFF3B5C3D2F7D69765141E345F75433953D013ADDF8F6AA7DC3F4A7563FE5C7D367937E2900D7EAD0F9FC9A4A1A9B5BDF1FEF08532660C01C5D6DE22199AA774383E306DAB87E301ABB7D213887F9869D4942D0D71E94B27EDF216A318BD488D45D
311
F84529EF575AF3C3938C0AAA0215B01994153E2054A0B894DA5C784980633AAD48576957CF4AEAEAFADC7C587368551C73DBE1E57C58AC713303A8BFC258BD04B51724459FF9E24C03A81E0E0679CEB9B348C0DC998FEB9C6D6EFA77D247CC8F92D3848599ED89A23218D0636465AD1CEEB7DC140D7426F83491C4E8E8281C
311
2FB35240918FFECE880CA2A42D70E8B20B34DF5221C7DB0CF90ECCB9C745B37A47E9B716FF7A97B7A252C1F3814DC7B1E1A7F72B8751D524EF7CAE45B0C73B3BE7D08ED39781B380DDFC9AA4A4749C9493DB5BAD07A6EA6C092FBD0E85DB004DF06B8C9D3089C5320187E4CE1846158C7EA7DDAE8AD9AFFF21AA3A1026BB06
311
A259845E8232DEE62811A4DA9CEAB3A4887320B76E2AE5615EAB7BDF738CBDD01F1E64064BC13D9EC53576751CA8CACD58B3CEB0E6CA585BD089B2A59B9FC101403387AADBDBE70586B93D64BF3AD4453EF9C3B6A93817E8346991798601344F79A83C51F3D50F7BF2683A3605F51A72449489E0EE6169C749C60B10356511
311
03AEE24D24E51A759C840DD3FC6504DA6FE107510E447B43461C79D22970B75DE5E1BD3007D1AFC619A4A4A69B5626AF5E9B8374E20677F77E2F8E73DF868E8BEC7EBA7B6A75EEF7205E1AB9486CB642741D6E03FF13FCCEDB1C4AC129886268B01CDF4B124AF797CF784F3C6DEC97A17D4B558070A0F1C04DA4FF9BDBF341
311
59AEFE958479824B3F58EBD1E19088A2AFDE501B6F2052368A3FD0E650A179EFAB1561E1D27527077136E652676C3670F42DCB3352F48F6BC86D2C3B0051727E41A0A4DC6CE2BE9D47F5CAA2935A3C0539AF080665997194ABECD723B08129CC5B6B21D2E7D54CD4D12610E7E9FB8306771A89576C7A982002775ED44F3F74
311
4CF21EEBB27A631671D921938AAEE3EB0D19CD1E083727F607823E817BF599DCED5394E37EEBC2E88782E638920CA641EF74D4CDFCDEF06F4278ECB18E31E7E9876F2D783C8BF429C75395F57E98C2B495A3DA077EB3AC3C158608B6B57FE3EA48484D9A480096FCEE0DE880950E7E5A5714131C5C41AAA29FD19AE81AC145
311
FA1B9E85C7169A5AB837B213493DF7E9AA4B5FBF9CDEB36EBD21EF1181B7CF7366AB2A951D01E37AF4EB835D1BE8C117CFBE7625D2EBCDB0B20C5A4B45CED0BCDE3EE8DA9DA78C2E21DEAAFFD1197E463C33CC6A80FB785669B856EFF7A8CCCA2841B5A5369173320B1170C368B2748D81062EA0296E5E2D95D7667A4A46D9
311
8A6FF475C76AAB0A8C8D45E226FAFC9FE0133EA9F60111F99CA81ACE03A1D14C89E8B0D69079C91464FA1D99E651D0EAF606F345C42A8A1AA9BA391031582B96D5B4176A77AADB01F12FD298A75DEEBB2C82F0B8650E880722F8DDD90C56A7A058E5FDEF1AC93545BA27367C76F5D8F9690CB6F8DAE141EDD7971F0FB548A2
311
AE435F224D6E5954CA155512F7332029D5A1230854B79F258EC5FFDB09F5F6343A8EB193229B7F7E79B3E48F8E183860B38C8269D1B53738FF1E0BACF6AADA6D4869E9DE708E79B5DADCC09B1BC76F649731CFAF59A83FD8BAE4C749D66FA87A3810D4D62FFE826FA400C0F325D2BC0F3CA35F5847B82A2ACC7961745C823E
311
4D863D54460AF792CE6F79B5C7A33B25C3AEA6CDE15A919B6367D781E9D44F61BF828672594A3E1D9EDD6DF179A81F27EAC05B936575D73E05C209DDD2115CFB705DF9BBF3C911589B3640735E9E618FC9C36A7326C82B2205E244C55D56FDB9D5DC93CE958D4BF8174D2B3DA54CB3C09F2C2A6DFF73D23B2197355761AD42
311
1EC581284A7EF8DE2CE3497C0C804D49B41DFD6A7360844E5BEFFB495CFCDB97A4595911CDBA623274CE852B5E278AF0BEB1770E9D37CD977B2766A7DED0E94B840E1E95E8C77DE5CB6354AF7871427C28ADBEEF7BA0A28E19DE9ACD75F379FE373EAE6DDDAE3834692F9C2B03B4FCA8FCA9ABE8EEEBEBB725B88A7C90941E
311
850682CA04061A7DF0CE82ED49BFAFFD42C309818FAE14755CAAE78B0F73243ECCCAD7DF58FCB9CDFAE7A4D3E6671A613639130D056C8383C8F4FCF4808C331E544DD26E4755D09EA05253B3049A1E32587CC25D72E073E2CD96D04A71BBCB0038FEC3F53D254199C3CDC67CD66640269431860225392B2CB3ECD0B4498AAE
311
78BA1994246AE1EE78F2EDFB79F6C6CB6B5E279C4D373FBC21CB2698C9ACBBEB6A4BB6B39E16AB0E421CCBFC7654D81ED86022F9BB522146F9F4772E2D0E4FA70120C95A85A417BF5078B232F4754363EB1750B2AC2148EB46B1EA72AD9B4D23ADCBC589D70106C3EC2ABEEED84DFE28E718C6C83502C28E9FDD3B09DA0A6F
311
6F7B72B706A31C9E2A331EE70DA56A083D2177BFD63C55B11D8D949FAFCF90B23A1E24B9B5018B9A17E99F2890EC302F330FE7936E2C23F0D237EC8916F5166AB84B62A21BB0B950146962D754F92CC2C8877BED8FC7B7B25726DD19545392570B3A2C66B58F027BEF412E552D12A588C4A3CC5C3193FCB3485EFFF700D0B9
311
EEC077754A33DC1FB9E25AF814628F91DDFECB667D3F7690803F38D13F8AE39353523BB08FC6760144AFA2CE28236F65EDBB3D5F59A57D612B99E3D7E5F8A851666BF9B5A6658EFC96EEB37A378ABB0EB3FDDF1303AF32C41BD1C8560745D7BD81066B0D6313359CF488563D3BA3F8E2185D1FAA3EBA1397C9D0E3DD232180
311
A4DCADB6AF25DB3AC3CC26589C8239E66E81547BC7E2F328F9884764CA37EB5DBE390DFC03A5246B456A7C3684C4377D0EEF9A350680FA9A077E8B2957B489E09AB1AD41316944C2254B5984830F691C93CAA767EECF976FA5647538830B5E63236A6F0365C1E0F3E327F24FE35EDDBD7360B0F7374837409F7A6311BECC12
311
B7026D4FA1AE204FA3F5FE904B1F420C7A9044AE58E403E7C4848E7DA25DC9EDAC79DD756FAA26B9EA83ACE8A214A2612A22AFA19DAE7DBAC5F8CDE1292A485F98DAC731A29FE01A3966E96BCB9FB5A4C8830E1B9AF0C54B87FBE221A097036E5D28D1F869F810C06A9BB0AC0612F69AEBAF893C6E7AD59460208BAB3A6B09
311
CA4F6BDDAB8CF0D1F84B72487498395A70DCD754796E271099A567A55CF242BBED64696378BB6CF25EF0FCDB589F3A82F1116D010A9AB9FA4358809EE0C973A2B4229BAA876A70B03AB49CBA7FBE71DB1832FFD32F9BF2C8E98075CACAFB36921235D0F552B6A67E94E094097A5D7DF681B40623DA535ADA7A9AD8E9A62407
311
D7C9A5AE51D62A17A83A23728DE86BB56115804D3F2675F2C6B87541A0FC497BF0CA86420F558C9859EBE9FAD62747E323E3AADC03FDCDDFE7407B09DA90B44E3185723C5381EAEF589765E2F7A099BA46695BAD60CEF3491B8A171F5F56444F7CE9455312C3498C74173AEA0214EC029833B34B650CBB5A5508D509166530
311
9642791708ECF27CF11DB3D797D6CFE474453BD4BFADB768094B2147814D81C7CBAF8228DCAF5564B5891F5EF6A860EB2E323CB82AB868D8EA048880D63B0DE5341F1B3D53297B928A11E15F25E5148990F710747C3509ED14909C552EBE3973246FCE55D00564D8310BC3EBC5085D08D806799B77D6C57FDF5E55837F9E93
311
4F09C03C729271B64F12D0A9F9E938107CAF7BF1EC8CF1BB9B42363D33070F4CACB425E605DDB0A34A12BB936DE286B9887A4E2E558F0886498BFF49C311D96C277CF6A9FC0D75AD0ECC5226D7E0E3572012E56D7FDE4410CEC7A6D0F997F225A2055B8B92E3956E875AE4993CB3D4C9063AF98FD45E1BAB165640A43439A2
311
C9181A7C355B297C0A0CCFFAE19B6FA3C2BA238A885FBC98B8F6DAF4B94B97304878DF4D8BFF6A4AEDF79E90ED4E68F00CD7299F4E0D83E35601AF0CBEF18C1E870E74758FA91F5131075004DB3CFCF09AE1DABC11957FD9808C92E8A678CE9DBE40DDA0E0D1D505AAFBCBA208232BFB6FB3704E8985E61ADE53DE74152F5C
311
7DE74B1DEDCD37DC3E8FB30D7EBA8B9EFFC3606BF90B8D438279CB7709FC7C00D327F41817EEA71CD9E49FE9C8C9A81C70915D9F0F15958EC5AA4C3BBFAF46986B90F188BDB24B89DE3C6F29EC3E6F66D84856EE96A35E657CA41B41EFD8DBFA16AD6E91439EA92B40B21C053249F51AE50EB0B24C770FFAF40DF12C843636
311
6819C48E36547D4E7B72FE2BBF10828583057814A668BDF183F6B2E58DFB151103E56303E63D00F39C27C4661605DB644D19175D02E3F0241E8FC3458D17AAAADB117CE9EEA690D0DB01E634878C04C2C9310B69FCAB831151E3AD293BEF6E46B0ABCECB50F5939B39C613D41E81FAE8D34CAE3C4566B761D37185FE864AC3
311
2FCB71AEF39DAA5BAB88609BB980CD2F07A8F941653B529567726E2B2A58D079DD57E1E5E31426CF184A04D7B03B985F276D47406AF276FE32E3328BA866EB1FD39BEF57863A317634AA5FE467409B3873F5069EF0D71AF00AD189D17BA1974ECDB2D623E9E14086386A6AAB5807825C37B015BFE892AFD154920EC437EB94
311
5D958E18622E1E0FE2FA06557CE4BB9BBD05A2D40E774DA2B65473791E314B7D6C886820B2FCFE4AA272B3B8B15E7344A145E8AF919B5454D89D36D413E87211186BF6F645E5EC94DCCE8E1C799022E4EC9BC86D7A0F2AFB1FC4B2CE48F84B3F49ECE65BAD24CADCC07EFF39AB06BE9E6B27A059938EA7208838455383DDBC
311
FCD967DDE4650EF92A14FF933C975DB20BD7FEEBC4487576485963D757D16340D9599FEB362F775F38CA4185A86F74B629C81B133644A3B18FD056E997E0734F9BE26D11C0AAFC669E2AC9FC41D281F8B2E1C35AE27BCE05F3DA295488096688719D974DF1B5D182DB7792288697F8763CFB43562C1CDEE11C4AABD5C22B6E
311
33F6F389CFC3477C5919DC0D533F8A7A1846B7ADB60ABDC26C43D0CFC8910B7C15EE22675BD02702ED39DB77A87A192CA7A543E6205B979B9F5A6B512A3CA799E198B2D5797C0AF8D1D872CA455D4D431A7879D4DD76110B5FF7F4176B54477A9EB5E4A5D11214FDA585F0382751D8E2582BA5D2075053298FEB8F1537304E
311
32CB22C2E2B693DC0A760B1DFCA751BDC445AFDCBB12820ED85F6D5298933C7EF1211E9E057684056CDA3FEF3BB6052355E162DF27C59E965A8DDB7F9437EB72CDDA3A090DE65A5B2F50326247B7EC67B73ACC7047FC9B353D6EE990F772207C6EC52B39DC2F3C0754821DAB559F7C1809C7D0DD5B0499D0442E0A6E391B3D
311
5DB46D11E731E6794EC77523FBDAA242ED67F9FA1FB684255671F63C9BCFE6E7E896D51001A6113EF2298BA494E0B0980D1FA5B9D60796554C02256B1E0345FB7C6186B6A19D2DCA270416262845FA4F42DB5D9B0A0B6F07FCA2E56C242522E001E0CEB734AF310FC8BFB57E38E03AACE93B3326A2197891E68452B26A6307
311
FDABFEE0223D3C03C3C73D2D5BC054C8311F12004CAE488E5C29287F8156A2CAA4AD0D7BE6B97264E4139F437CE73ADF52E5134C52B819777C18B323A5924E4F67AFD13B1CDC3A61793A79FAF5C0CEB718E441071E797C6DCCB9EFCF7E4A1E9F3DF3C2F9C9E8294E9586868788C972857FB0556D7A26941A7EEB9B580AD78E
311
C40B85DC906B4120A563CA3B87797ED612D3B035962BB75F6515A393F4CB057F564CDF54F2E5A024514E6A1F901DB80C7E70B1FC05E356A7E72FABF4775B3E3FB8F70A2A8E7B6A94542BB304157978CCC999E707A29CC795E67A59CC546A5D47B368954CA7B6E75EC9E1F6FC73CE3B4F71F8CB1A6B15923D61EAAEB14626AA
311
A9D04A26EB9C66CD1BE86CA31A5D8703DE04CD1EBCE4F5CCB62F93909AD11E55799A781A956ED27D3E738F4538CB04ADABC7DAEF20BC35BA6A90BCC1DC61BA05F20D8832FFB9BC9B15E2DB838A0AFBB7E0C82A562127E0446894F427794C3037186F622BF24DE1B00AA10A23BFA47B2A180D6DA5AD6F7326FEB8C100C2D714
311
2EB2A0B2A9D1008A09BA343D70E054AB69E2A7EDB783CBD92537FAF4A44D1296AC2792729104B3276C276C951D0CF3CF3F1E6B017720A7B8505A5FF9589365979678C36F1BAF759EAF57C60F1FF5FE9DCF5F8E764FF25A2D06CF25117A8FED51884C13B2B750DB0E4F5E3D64124FCF11F0AD8F1CC3B3DA4B38ED22BF1CB258
311
5EE6BFEBBA63FBFD44F9537B9B37BDD6B358720F98A8125AED4349CCFEB0E135F19E208A04CA7E2B10711185D72E381F448036EF57C9F874E54A971CA37A639E986AC0226DC5AA00D5B14FEA9192234B3DE617814FC221C92F33F1D392F297731B567FD98FD91D989379AF567A65B8ADF177591DB90FBEA99BF4ED11B16E50
311
A0AB1DBF1156D034BBE04D69D08F939D8E92BF525A1DDAFF80ECBC95D8F45D3FDD289FD23F7D8B452F8EBB34EC082DEEE68E18EDDF072060FAD2AB1504DD4879BF67099FC58F6E9DEFBF645D16334A3E9A127C6F1AF6132CF287E433B43A0EE93812B4AA0B194E03EE3FF91EF9C6ED0074A2F6EB18A96A7C9890B1FCDA1F20
311
95E944DB911ED54C60DF16FB74C8CE9BDC7C54C4F14078CF73C2FFF1F1BBCCD7CF64F71407EA1683DBC410D226627F66E509060D5C0AFD611DE681D509DB8DD12FB1265B03C6F5C55FF4C30BD94187FF692B4F152982502F193098A789526A038AB529A52BC0DC4FB6285CBAC10A8B8DB75DCD9BDABBB221E27D1F8DA9F5EE
311
5926A1C8AA9BA9BC09239C6A7F12914EA3B59EFF7AAEC3FFCCE56F1C5C2980AD072793527565E774F4631DB178CEEC691B1F367BEA0CF2907E1D6B854D527065979DDEF002D8B2ACEA7CE21AE297737EDE1D45B31233B73FEA35BCFDD0B09721FDBAF6432681F2FD10C3E9EFB246FD6E854B344ACC9D8A0EEF876A7314B49B
311
6A499FC650B099D650DBFEC7638ADFD245E2B7839DA5AC5F7D5623FC0ECEEC8653FC9B2BDD1AD4D00A566FBA7186DD3C9CD26512551637498CADB950FEC71ADB9A5524285DE328B8EC7EC75D2345AEC6A27C42AF6D9B92155315C80DBFCABBB7DA0FAE425C4FB896B15C9BFAC4FE67DF5A23D30C93DA4D8F36FB15D100050D
311
A6062E22AEC5F4DAC4F6FEEF97AE05DE63C6D38F9E068A20BC5E3B6BCD75320C5090924E7F93640A7735B1A43451C2D91EE62C6238B797349E59890AF3A520DF4A87095F3ABEC2E61F0593416CE46CDCBE0E00E2523FCCD04408588B5B6C9DB6459C786CE378770B54F51DA3A5E1DF2A3349BEAAC234A6CF8993B598B3B25B
311
4B113E353A4D750FA7534749430F3EBF2512E7EA3FD43C6AB9A1F765A58463B306721A15D224FAFE8C6F5E3432D57EE697DA0DD5A9D4866A8BCCAAA9DFF1F06047851408FEC060471D0E3EB86BFAF46E4B5E60311DC3E3CEA147C75CF971BE74689507154FF2D2E92F15CDB2B9182B11459FD8ACAC5A85F174BC94A7F4EE4C
311
4F5CAFA7C02E37BF0BC77B7DCD0C047BC316F562A01A441AFA7931CC84A28CB9F4AA367EB515778F29BFE61195FA671F4352E5E46E3A64773F1F76EE5EB36D7BCE9BCEAD837A4D77F8DB8C92AEEF6711920D7C7D0F76B0FD0EB7AB83724CD35BCA7D36DDDF5FBB7FF6F04A91F3E2BB3B8F1A43CD659639507FF6331C5F697B
311
CC782AE57D757A27D97F1AB9E0AEDB43F92F1B2AACDF5FEC8ADBAF9F814E2027003BA2F9E144B1938A7A04050AE5D953B82C45619165C813A10E76DD6906B3C16438064D14CDA713AEC420034613E1AC7241904A49FBF87409AFB1FCB9B72FE7933A87D8FBEDACECE4EDCF6A4FE9FB94D5DEB74FAB7CFEAE17EE965DF980DC
311
CA2D04134994F9A2E94D2265DA4FE6AA7B7AC15FACAC2B5ABBCD7DFF542C5314FDAB2E1B9D8B65220B8E2B638BE008E8DCA22678C820C5053664D15E89F2D735B51A84955E81A443545E9FF787BE0FA700A76D136C27DA179A7C6E8939E01BE756E19CB292798063D8B97F44E8A27BCF3A614FEB8BE974A718E86F7EC99B53
311
CA35FA24F61F2B07266684623A3D4CF073E511F3A10A8FDAFAF0078C577F4DF9D339FE7862E5FA47CF4344209E5BF76D783B1B48E152AD281B15FCB934DCDA49CEC5706B1EE8B460F435324A5CAD154725E21AB8044B75A557A79F6C807B9340AA3D92503E866F4274412926C8C504E4D5EF8C0E68DD0B028781A6B4054F11
311
CF18941F101C57CCC796773ABC8DED9CD91FE5788806C05E548895354AEAC96546D55B0E94A59F148D061F42AA398D822CDECA4CDE79E13469BDCC44FDC990F366BA5978C15F97ED80CBFD73B0CD9B8B83A4F6845BDFBFAF034019473FB9A63BD55D3A4A7284757071574029A4D016DCCBE95DD679EF3C4880BF169422F8C8
311
9B68A988D2B13793CAED4F74DE7486C72DC94DF46B8E93D8E02EFCB1FF9B3BA10C8AE7F653DF94F4AF466CDDCEF5776687F7C4C14B63E4EED1719DC2EC482D7DBCC7AE518CDE3D5FF86D39000EC3673C0044E1D308BF05F74D1B5F033A7D1BE7F74BC55BBE3E4A20F920946CA0271EB17BD2B80E5660ACB8A29A79F5E4BBA4
311
9D4D945B6EEF4A7EFEAA65E5555BBB57A7E15D2F83C69F30BBB978D2B39F1F26FC097424D39BB33CA3D87ABF64E307938B685BAD44F71556A30B7E712CA4FE600613C3E554B69ADE949A7CFE214DF1FFF05CB82151EC6FC31950239F94CF7AD39DC473F6EA356E5EC2C4EFA04383CEFE985A127484366FBEE3C0EC4FEA363E
311
4F6632AE781392FD45D67B63FB8DF70E82734F431FD3443172A0E30A83D60982D55FA6A2CF86DBA8382502ACC6CDEF3B907982EED1160E14863FA242F9757347E1544275CCDCF71ECD5F8621CBEA326B8BA884AD7F825781923E66971F04010D574C541D8427A438A37EEF8AF88240EED7362C953F5A81DE2D56109CDE2524
311
EA0F5D2F87308C0C47BD97AD605878AB8589E17CA83930CB5E0DCCD75853D68B1AB136594926DE426C367428E9334AFAFF90ECE221BB5DC9E5BB53D2CDEF954EAA9CD814F0E5725F1965DD458E5F8487683AD86B9D0076BE3EE91EB1CECC5331A67A3F79D8B27587C12EC2A6A70474749F27B4C0BBAFB94B34189E88DC1896
311
4BE4121B9137FD516C7755356E50D6714E31ACD222621EBBCD1CFF81D87479056A9DA0E0B8EA19D24CF937DA89F78E8650CCBDC110AAB6C4E46DCBFD0446BA9E2060E81F314AC2031E88135E5476AC0160EF5C0DD2EEF1B8B5CB2D198BE9A554A9093B5F7D7E4B5407DDFCA1D9C152FD97F55BFFFDFE802954DFEC8995B983
311
E28AC92F1971E28F531DC407A1280EB125F64A72E617EFB27DFBCEDCDA2D6F2BDADA36873EE46B9BE1782998C63DA7182BC383FB6FD15DA472B175D7E8B4FC88F38D6E07FEAA3FA3CBB8F6B449ECF14D2175E5C5CCA3A42ABF24CA6C9395AF74535F4DDB38CB84F56614B0FD32D7E19CA5CF988DB4449C40E23DF2B1677259
311
4554579094450F56F253CD25EA7F77366FB1CFE79696C428BB64D5A41E986189427E5E4D7E2DAE3D5BB4972B3DC44EAABDDDD63A2264ECFA5C786EB0EE1FDC5BE34FA0F08376869FD1E61EA06CAE15191135445EE8F0394161C3266A596AA035572BB0C8876180D8B9C77D307DF9DCDF7365ABDA6F3A2366436457A4DFC1F2
311
59666569A9E4A79C817BDD5610E5200FCE894A358EC72858D50EF67545DA81C6FACE3D457BAF70367E1E6BDD9A952FB4F56247F58F523B97E640246051A72F79BE42FFA0B3187F63097F91C48B868586F714B0EBD5A00A8412C1236E1298F60C72BE6C96B82B404CADAA304AE9F303176B14BA53FBC2D5E86377E35542019E
311
24D97B96A49B2C0E5006E7795954DEAF5DA58958839043C6C70BD3B1B33B6DC5C31316D8A6923F142E26F6711A2258AF977DDF1F970ECC4F1F2B434B96D81BEB6E89BF3BBB3C7C8CC80505070723D6D7D7D3C8CA27CA164A26024FED94B12A86031867241DA53D929636DA600F050BC40CE48B8BA03D69224720DEE2ED2127
311
390BDF5E6EA64527BBD4C4C63FA76BB801FEEC0E61218EC98A8A86CD8313781617877E66692839B9468CF4DB8E50A73986E558E309C0D6F676F921BE02F1185454DC75B111572FF9D27D85EA14C05AD7271225B391C4275659CA4A43759D0BA44639BE4C30A84DB7F67A41399FB95CBF923B1B1672ABC807C1590557FB18D8
311
11983FA97F5E609516D62281D38B1281F68FC75528C35E4CD7DF0F7DBB5E5DD69C414EBEA2F4A5B241B996BA77AE6C772E367408C633EA3E438B68563EA8BE7667F3A4C4FDEEA52ABD78A2820F443B7914A15F180018D231E64519C56A12F6CA7C8DAE18F06F6B769DBF92329EF6A5D18FBCE600F36BD8E8198DE5CDAA9618
311
1F3A756EBA5501CEE58F497EA4F418A2B82565B9BCC611713C0B708CCA1F398B78C5F7D03B3437CC18F13061F55C7BEDADD5ACB1DB0E36D3CE47FF6EA1A563A57E9649EA5D14D1A50EAA457463381C073777EF1600607BAF6428A7DDC079D47A204EF1E1F1F0589FB054D45E02CE623B3823C317C601E589E22B1E88B44852
311
4B86A82828E32345EC18AE17214B42F8C41C6D428016D9BA31DDCB47572561E5A402E5BA4FCE55F78AF7268524AA04130F3A20BA5D1E9F9948EA48FC8F5314FDB35E21898198060034ACE5E3E2BBCA34092518F275190AF65F45867FF0900AA4B81F25427414C372BF51DC29AA855C5428EE1EEDD6B849AD60F6E73475C2D2
311
523F8A2772C840A478DED18A8C5C91B085F255DC4F54EA7AA8947354FD17ECF8FB3B4A0DE7B483CAF3A1165EE05BBA413E5C1FEF3DE1D6B8F2F3F3251C17D9FCAB48A9AAF63AC773A0E413BBC46A9ADF84A566FC920E4D8C52C9769EE3301CADEEEDD92B312E02E2A7E35B7F1E7D203FE5A7D75578B06E99D0E46FFADB8FDA
311
17ED8880390DA29094202D6F645F76F6F96409CDA05495A96E84B04A00D1A6C6C81D7F3DE9376E828CCF144EE50E364ACCE7237EA0BFB5607ED1AC3CFE73794E5B61739D14DF1743441B1AC98F00ECEDE9E7301FA29755FBEFA68C91EF2B314CF510537EF1ABFC9A762496280B546F5EDAAF8A5B387D469FC9A878A92828C8
311
8608453ACEC6094DCA54111E7AD5B2663DFE2DD151B7F123B9F4FEF8EE36AB125FD7AD52A59B1B765B3E3F73E3F73DEA93875004D2AFFE3CDE9493B87A9904DD052028949041A91DC0E1BA47BA714343FD5B25E0A6A09503AFC17C790058A836A324FE31D7893512E28230332F153181C1E018E1124EBE1BA262AA428A5182
311
37D1EA7275E48C5C561BD19ED6912EDD8367DA0F31E40EEAE9683DA9257525AEA7B632B97119E17145A90231768A4F3B9120FF32E8319B015E3CBE26F1A754177D8185345817C096B0CE443A955D13AC15E1FB5DEEA0239EC32A3C92241A237B0B02FFCB4F93CF2B02570C8D192E2F2A68CEEB42F12E6F8CEEFF46C251E22B
311
4341C56FB08CCE550E7A9D6F4D6564B9EA52A83D5BF2C6E03FA19D2775E15A8A7ACF30A13C259EE7F5EF2AC3BA354F1500E1A07FC63FB4686E2F12EC69719F9ECF5FE3F35598DF2CE944008CE78F0911BA5BE5D0A34E0098FF038669C26030BA9B300303039852A8F6F496341737CA7E0D2E3AAA36DE0A70AA7D9CA0D54D9A
311
D84B18A44C9E625475E1C97B93BEBB38DCE7D227E67A2D00F531436136355F243D1FC0D712C5765754FA22FCFFAE97919161F46D6E61ACB37D83777B385889770B50765B127768443A5C4D3A4E35A3151111F146B7CA116F918A049F1C272F2CD7976C69A0068773451659A97E0F4A08FE604C3FF6CE7385DB19F4D3ABC8A0
311
D80DA8A42096AC377DB49382B36E270B6FA7570188B4B7D1DDDDA82ACA487CCA5D38BD3BD039ADBAFA4ACFF27809239B722081E2EB9F145320553D183F28471C388BC8814E5045676767AB58A8E72D1CED2CA731379515D2E533E4CF0B39DFC625F97AC4836831A4DE330E87A8126FA17EBE583D614E71E22A8DBF28255997
311
43E0640037303E8E1B1E8EA4E1ABFA4F62907B5E4E0E5DCFDAB417C36C6848A2B8D15F1E505434C0707E16B1CFC2A1C36A42BBF55734F8F4301DDC2A5110CEE8C0747F69519265012A2174BF4E955ECD4FDE095A3ABC70536B7AD0B9D7892F81287D667C108703C9B66A221E9A0929D030008F77FF6F5D2108EF5706FC87A3
311
069B976F7C9FC3239D13D283CDEA83597461079FEEE049B0F392889898B7D87D31F8D60ED7B56B91823A8E4EDDB36C6172ECEE42BD42B12CD67994FA0F0DFAE9389356F4CD4425A4B8AA55CBF7ECD585C6A2C2316791E43D5C06841ADBB226A87FD61515FFBB0167B74E56BD7F3E90A57A97FEDCBDF483A0D6699A8C0849CA
311
EB4947FAA90D8E332D9DEBD9F4738C37DA0CAF9CF3DAA68BCB67C420459C7A64498D6E848E5CADE92BB6901F607AA331104A67F7CD650EE169B1DAE94D2C31C2F993632259B6957E246EFE4C5481107B07118607700040E5812A2A2A38DA0076875258C753F60E0F2662C748EDD5F3F3686B8FC3BD6FE631ECCAA1E8B1C1E5
311
65AD117E54893E79F4672E32F9E46B2A183DFDCF3EECB4D4D077DBEA0DA254D256045109670050129E9B9B1A9E4A11344D61497A992778095151510C4BB7EF2009B63AA4360635312E4CF668B7E0D3D85A8688E2BD83B569439892ADB63461930D428E0DE42E4AC57CE48DA5CC1449530D8BD3D6A0F08DF20C8E8F570F2CFF
311
FCEA286E30969B4654D498A58D9DA782E19FE3F002181838925592C4A1EF0B332D88B61A92C644547BED490D3A42CFFAB70E36D961F694F6307F72FF15A1C79D5B1B5CEFD353D9E2B52566DEC8F8F09CB3E8359C0F68EBBB7898243E34E12A015B2685AB303C04D3A9E00671FF3DFF0A184E4A2ABEB2B666AF5B3A209C73D8
311
EF29DCDB069C9F391EEE9DD0F74C7BCDE16F8F02E3B8816122BBEB50665775B600549D8BB33A54A6BF940C028118BC6878C79958D6784F9DEAA6E26748386FFAF8D0D0101E2847B6563F5D8DC1D78F787BE00E2C941AE12148D4A81599FE8F68D4DA5CDED75530ADE138240300EE13B0FC13A1687FED6774662C05A2B7DFB1
311
86732F0D7A93545D8B0A6390AE5054D9CB582DA846D7A061B3358B45E2B52DDE63E114397EDB7E09233A579155D795BE76102CF277F4DF8B188C4F2879BEAE3C08347124BF9ED23B128259FE107D31E34A652F090B30B39E0D9AF917B76A2806135621A8A60681F16AF216514BBD02711585B5B1AE823F4B2D0369EA5B6BCB
311
863072727FFC871CA6C9AB79A814D989057E9470A3D238BC87CBB4A0EA49AFE2B86F22E499793CAA9047080450166BDC357524561E258C77CB697F1ABB32562CF87C3B7AA12F911EF19FB3E5C02222E887D08202A60A17151F5E053A86B437771088B4FEE14D652C43E8D939995D34545E12E2FF93D4E366EAD25F10CB7DED
311
141563C3D0C447AF06078A91135FD4B9611583CB4BF3BD167F2399CEAB0E0100F8FFC305F00F1711717173138B4B48C83022295DE657EFEDD97F238ECA80F528AFB4F8D67AD4E2594B9A3AA86D7487EFC313BA95745C186F0CDD84CC12DC9CB0424B42203D351FD9C0A3AF10CC7F388E0329279087386421F194F4A29464C1
311
DEF7EF8BE515E4A199DCD5B909342598D8FE6A231F71336248D5CEC5454455C7BE383B3BC7B260FED27F703FDC39A170F3827239102F59D4DEE7FEF82EAA1A5E4BA94DCC4CC44E7E2EDE20F24244E4454369D2E87C3F823F193FD4FD27E1C23984B01898D15ABC20711A8A558054951A6AE280096BA36CBA439603B7B0B4C4
311
5F248C14B2383B4B5CD8ECECE4FF859AD4A6CA2326D020EF090F4041D28DB66E5256B56232CC52829DE8060BAE6BBF37D4B7469B822454FE93210A3E8D15E69FFCF01123222611C51C4FD0A041A0CFA2471CF6BE38D2B20FA4C3525B5B8B586759475CF80ADFE67A284AC24651E52B8E683D24C2622642F27E7C3C22783BCF
311
63648BC398BD6CD0D9C97E7E7E3EACB6126DB7A6C1FD9F1031302EE67ED96F22B77C7CA0239BB324207559B105E4693EB26EC46182A92C9C0DBD24F29B31C5C5AC1F84300E0E17CEEAC15F5736FA4A98971E2F1423BFCD68D4BBD5F86E74B40A369F39507C88FCDB35D2DD8DEBEA4AF999E23CF2816D204200DF6E611781B9
311
884C1AC8888B4DE397320472959434323A5A36B22A8E1F721A270DF3BD65E4A31C11FF048AFB0D8B7B6881423793963A23CFCE935FC189ED36FAE35C46DA3574C979E4394BE52084F3081837BE033396D2EBD80F1F691B273F660D2B32FA27A33B1DE4ADA5F0FA4651511102DFA410DDA86E065272CA314D5249DF91B06BB9
311
2807B28EFD54F08F7B525252782CD276DD02E6B0319B13DF87B1F6361AD6B28FC0D711CF445429B9E5A433CD493051C49A9E03DDB1B147D880253514A5DED88009018620EE229101C041950E2D8AA8E1F5F5438E0C0C0C60EEDEE9E3E0C051948C69F84BB7B2A48A1F3C8EB9E6864687F4F4F6F6E2FA87608ADAF9C5E117B7
311
C1A737E710769DA1D15ECE6A84502AA855398712D5FB51BE92E4EF824969CE18278798AC303C2C7980DD2500ADF8FB1E6D6C2FAAFF9987178923334A244758BAA01A9A1B70FA5097D01E1CC2A58DAD0EC94CE6430AA9B0C10D75E3C6BAC670EFBADEE1607739CE0FC18A2587E3EC3058562014C64219C69BC269082D5C2F4A
311
659278D585755912176D78A1B641719C2A394CED495A1AC5D583FD2F5EDD93308EA7EAE8A6DD396598BDBD3D4CFED62D18A5BDFDE0DD5C80D1A89BA62697B131AE7CE9A6594138582F1B37D68F1749AC7CB67A70695D48A4A056AC1FBD4E82358CEAE38F54B95A9016F9000F9879C0D9D131768635CA798895F27D6F1614F1
311
1F2838A83611AA51C9A3DDB539D42979C29F10465655C17BEC3E2760B80DCBF609198C7B171A531905F3EC218D696025975E986C6B4C666666787271F202805577DD5A3EF0CAFAF91B62DC4B2DB4217A7606282F31D8DDBC290593BAA93EA6353AFA9939B877978481E15CFC9F2755CDC00C538F63A4BA3E80AE009B73CA01
311
85687D339A507D165B74290D6EE46D5C58148F020C3668ABE9EF2F7549170DC80DB41FFC1D678FF19AEB10C7133832B104B80F691B3138F97A92D26E551F1F110400D45AC71A9B9AC41A1A1B1DAEED0B0810638EFFB511D46B121C6FEA0F38CD00E03CFFEB9713FE1F9C263E4DDEC160D0497FA9A132BA608584057FB15380
311
825DE6C7FC3C667EE947D488A09898D8E939C4953BF4EC9836344D2CC6B2971B2A21A572B06096F4982D2CC7232D46E8EA69DC83722E267754D777F97F96D5DA74E1E75178084D0E70F12AD33E5F71EF2AFA599B2BEBF60A5BE475F444F240CBFE8143C334E7ED9150FEEFEF7EB020C4DBED388DD1D6A167A76F3CBF119B57
311
8AE8CFA7736ACAFA4440A1C47185638A0D2F3EB5BDDEFDA958FB13CE4AA4923D5BF840392D45544329525749734866684BF7F8D9D54D892E19BCA9F829A0F8BFCBEEA6CFDFC61D74EA1A645ED7A1FF241739F15694BD835B66FEC5677E40FE69BD3F91AE402F036537218A401CB0828604AD189E575015C6F3F6BBC8AC79CF
311
6C70653847254B31551EFCBEB5978B9DB85D58D0FA41A9DFE9C624834AA04949D24B5AE6D299E072D152D12097920F14AA92C31C3B97E28B6C2E6E9C23D63043ECBBC0A60FDF5BD0C33C127EA8A3308B8B6AFFEB28B4455BF6E7AF4FC6222728357EB8E46E85053E6A8843AB23295BF838ABDA94658FEF3F832F147046B4AC
311
D6F7D48E8FCC9618582961C898D1C7A253C91BFECBDA6BA18A1FCF70755DCCEE2222F41B76D23CA98D0CB3D95F0CF66D57FFF65E2A90F5DF40FC3187621E981BD0BC1D992787212688976B94A8F0C6EF646624B570B78E068826F87CE27041A95C9A4871FF65CC17FCB1639629AD6A9517000D63AC231F3D741CB8430777E7
311
ECF80CE7A3F73C0F162F7E56AA71F4DA80A33CD6ACEE78E2C11FAC03DAFCE929B106F8F6B3ED2DC71FF994BD9CEF4E9A94896EF1B6E2B7B4978168BCF0847A3D2A4F1B0500B926E634B174548E9FBAD27153FB5FC36799B1E6C7C38A94E1F9E996796D7B485E635D5287A2AE76FBD11A341DB3F8F810385BB7296391973DC6
311
C37C452A9305AEBBE0CDB6C566DB59FE60C8E94B1FD090354BF51439FFD1B48D725228FFA88C84F686F547107A7A235665A4593B7C34D748C1AC8D56DD5DA861EEFBADDECBBD65117E65851F90351AEB65F0EFCFF4BCFEF24CB7A5879699FAC437A7AF9099186CF006BB923A59E37D7A36A29FD8D2CBB914A5E9D0A8FD212F
311
BF796AE9A67958FF1D5D8B85F78F96219D4714EB919929241B6C018AAE0C02069F8D919961EC5DDFBFB7573E3AC8E08BFB7C8534BE6DE045B3CD63DBD71F7638BA2309CAE398EA3A7D8F98BBBC7AEB367EFA5CFA27A9F8F2F52FE878058E6209C026453F8E7E8A237DFC389E9590F6059B397CFD65183BBF936E86896612A5
311
B5FEE49DAC8455D026218AFEBEC12B3523A45B57B82C9C97E02ACFA1184DB18E48CF615DBF39C3CC6F0B4AE6BBEEA2E39D944E290302FA3DE33FA7E40296E2EF7BF1CD855BBECFAD0FD622BEE9746FC4FDFDE545AE6E3BC234CADF83A0FB76DFB145BF3828AE3436368AC24989454F8FF70A177672C711CAA1A76107218CF9
311
48CA01F873520E7A2B118EBB161ABAD432932029628B6761590C98AB590C8C8C79798CE9F715BA696E839E9131A4BB68BE923F1747FBFF165331FFDD4D05997ACD168F12CA75348DAC04C7F509FE83898A8B421181AF492861CE81E4A2DD0A30850CFA95E05F097FF70F9E777310D584A75BA7018922E271DAB1D785671157
311
685B7D383D3E074DDB4F1E44EF04B07BAAC75A062077C54B9752C738C9D804D402E02851F3F89605AF189738C18C021D2139EAF72513824E10DDD3047BACC8521ED7E98B257D1166903B1B08FA6F918FD7E162913FEC7D0EF4787E29C35FBA8C6E2C9C20E9AB30AE42CA2A01A090E7D010C1B5BF9CEE2A304BF3A987FB40D8
311
36979B79E18D70F257DA61E808472DD85B82761825779D6B90CAEB0F23360C6F80A7D7D77545E95B3DFF0CF96A827F9B5BCECD2C9698718417EF80FEEDEE938AFF55859D0D540B7FE09435583A6F04874A0C7E8CF234DF4879722000167F5872CEC6BF3EF7E5A8CC8121E6A359227C8A29C95212F9F735BC72A887D56B8F30
311
9FC525BFB4FD767AAEC4AEFF249CFBBD2DE1AB9969A6155C7D8DABC307E47324C1F916C7BCFF40ABA5644E9FFB9238D19ADADA49D9610F01ABBA57E4DFCBDCCBB2B93C8953206C91DE01B0E2651A6D6C31721915B31F7B7CBCE55466F6D70402788FA91D73BE4ADCBA99A35F17D6B83383704917D6833F0FA3CD45C926ADB8
311
BC17999A4A0AFBCE2541F7B8CF4C2F5FBA611B3E626D64407CB32C122DFF4EF8674D6EDBB86C8F7C6A16D50FA685E2CCA34F8F7D1D8265BB0042E9D7F1F666F7BE5FAA5184DF58E12122A42EF02F461B3F369AC746F96528AD208512AB56844CF75B97F352DF7995024FB02855385854F3798670D01CAC771AC3E1889EC25F
311
61A20C1F8CAB46898817F9C47E2CDA1F286BF2F358298709FE567C91133E2638C8B53975E753EA8BFD3578B5F7186B7BF084EBA3F77BAC3132A5779902EC22AF2D2E79F42D324E083386DAEE9810D1B44A5DAA54513C7A71E52A4AB9257D975B621308FE4D2141CC3DCFE946C154A3C1DFCCA7629EC69ACFA831634ADDA93C
311
0388D2A9A2DDAFCF957C6995BCE7FBB6DC4EBAE79E63EB08E9A25F52F67076F7093CA545CA3053B5BF576DEAD4E0017143C5F759F32B2D6F145B52B67B48909B7C7FCA6586EE385A2189C16932CB6DDFD9152AE317C430492A578ED27B72D85D40C7C93C097939E1B50F4D67F05334FE9DC362C30B7FF561B95259138ECFD9
311
274C8D695C31B14D4EAA9F3D7FA8DDF652F8C5DEFA23284C799B7D94416DEE81E05A866302DC70192A5368EA65E1CED8BF107A1E2D3119A71E85DC1A7B0C1E93274CE04DD0F2ABC8AC7C987FDB002B6F81757B43502EF7A0D92E416494FAEEA4C9C090CD9557AA4D532F4996A272B94355C5A0E4974EEA9627476F30809B94
311
D8D8D860062E02204643BEC7D0438AF800FC7E2B26955D595421E83C69E1A07E0E3122285835F014AD538188CF9737CE76D464A353FA55A001AB2526B84E985083693BC76FE211CA1D000679C889E3C009832C87E1AC2EDD05C302557422DF0800E316FCAC86978A371F025A6C7DAA9F333E7BD160403A1A06EA75AA9888FF
311
01504B03041400060808006EADFB5028BB58AF800100009E0500003D00000046353739364332392D333135422D343333372D393731312D3934383236303242333437372F536368656D61732F436F6D6D6F6E536368656D612E786D6CBD544D4FC23018BEFB2B96DE15493C78601010A34B880709DEDFB52FD0D8B54BD70DF6
311
EFED3AC0B12E6442E2716BFB3CEFF3D18E26FB440405EA8C2B1992E1C323095052C5B8DC842437EBFB673219DF8DA659866649B798C078B48AE6410122242F2A4994AC7F93815DF85C049C8564CA0A901499DD886B2EB9B1E02448F358701A9235880C49A0119892A20C89D1B9FD768815CAD268CB5E0355B40B1E47F3E37A
311
2020464BED06AA57CE8FCC20C3C3446D46761A2632A8C1283D07031EFF2AE7CCB1BFEEE916E406DFAC8E36FFD99A9D60A6944090EEDC3B670C7DC13DE86B6B2C5C240D6E503BB85ACD579D513F1B9F9A69DC9CC22AFA80C426D40AF0B21EA168559156B6276F0F726A6BFF04DCD513A87A62CAD41FB24FCB2858B3952E3D85
311
2084DA25B9303C15687973CC8E8AAE11DF2836C38C6A9E765E8C1BA1BFB1DC29CDFE518C8B5A7655A4ED7E77291ABEB80DBD82EC866ADE1B8D05AF9E35CF09D7A061F38A986D9EC412B8F0F65E5D81534D9B231D1E5A8FE577A241F3A5FD01504B03041400060808006EADFB502CCEBD668A040000E01200003E0000004635
311
3739364332392D333135422D343333372D393731312D3934383236303242333437372F536368656D61732F47656E65726963536368656D612E786D6CD5586D6FDB380CFE7EBF42F0F7A649B70E1B90744856B4970F450FCD7A5F05459613EDE4174872DADCAF3F522F8ED3B88D2F1D06AC4050DBA2493EE4438AF2F8EB73AE
311
C8466823CB62928C06C384888297A92C5693A4B6D9D9E7E4EBD51FE3A931C22EF85AE4EC6AFC38BF261BA626C9AD288496DC3F4FCEAFC63366845F7A10452AF41DB320C0D44EC26EAB20918735565582695670811A6A49643A49A6E9069FA4604A64B29016DC4B48552F95E4932463CA888468C1D2B250DB4962750DF7CE27
311
3069CE8363F1FF4EDB00E0A21999574AE4A2B00C353B93F3BD4777B8A61ED8F604ABFEDD79CE56A2B7BDFBDBC50996E0ADDE16FED26223C5D30956C29BDF4A55EA686E5E58B112DA45CE67F76F4FA27EFA3FB672FD7372FC388FAECDCA5209E693CAD167BADCD272F943701B3812F8A3D852008B1D2E32DB927B2F833C6EA9
311
5879925356D254582695095A3CE982924720BE5774A3CB9CDCDB350427D2DF20DA1B5532EBE2D5D6288D75D4F7E4FD9890A0EF8E3D93EBB8F8BA4758158EF6FB90A6F9520281C93DE7AAC6D24607DA296BB96018123F821A7D6A5C5884050C475DA4865442732C8B95684A50165CBB3A32F25F783A4A480ED59AD7F924B968
311
AEA50131F46303223E6A397B0E52976030DC1DCA81D7E7C1EDEEA42C19FF27635C505E2BD5198A599020DF50A2330FCB3AAF28CB0124108429553EF1B228802E2265D8F7CC2401042B155BCC7070F1E5C55F13B4A9577362CCCE46C32174E010C3C378C44841A4BDA00FE3A12006CE11EE6AEC59894D3526DDE1CD59D503EC
311
C324017F8061B7F162162FA62EDD81AE3308617770796DCBDAD2B2625C5AE8A63DE20B2C8AA5E95E76E5730823955956E33E705425A2187C185D36489A1B44D3DCEC2172F6BA2105C3546287A7194B2331768EBBE64F6E70A9930ABE0ADEA89E9E2C38523B810287AD67A54A039C1606EAFE68F8304610BB9093DBDDABC0B2
311
AE4E290DCDA15376D7E39F72B556F0B32EAB5D3D498B4C41ABADEC3A1434C422D87E8025A84BDCB2B1417ED750FAE4DA8976863974C577C7F902D3F156AD354DEA3540DE6BEAE2BEA52F7A2EB4CA43802ECE5BF2CE2EDC9347179FFB023CE412E60BE16DA0BE29B374988A553F561DC04615DD35F7D2C8979F60E5955CE93D
311
F29DED8AFA1EE6642D53418086C03C47C377910F75F7E8F5EF665F70B60FFB22AEDF897D119E8423C773E819A3C1E55E550599EE6EDCA34D0C86FD72057DF2CD46F16A470682471C164E4346D5306BF12D7D12D82CFF673D41636C347443FEB51B50D72EA171A8E4A58623A4A16E0FA2B8B10A0D23268D87C33896EE8FB733
311
05A74BF224EDBADFA0BD674AB354D63DB7BD5D83426761C077DE767728235446A552754EB93B755891C3C4CC6CADE37CF0E912A7BB38DBA010F9DE1282EDF470CA69A9CDA482E334C4A6EA4107987980B17E72F31730EBF88BBD39E7C629F56797A3C0009C2C5AE7951D9A05A02773440F02EEB4DE396A3B6A570C72CCFBCD
311
823B0B8ED3F1D5CEDDFED772FA70236C83FB7D86C385D570B87107535572A60A96035F8F7C6A7192F13007246BBE0521855E6AC46F3E27689CEE7D186A6FD679D98CDCAD13333E04EBE7ED6F55FF01504B03041400060808006EADFB506180134D5F0100006B0300004500000046353739364332392D333135422D34333337
311
2D393731312D3934383236303242333437372F536368656D61732F52656E6465724D6174657269616C536368656D612E786D6CA5934D6FC2300C86EFFB1551EEE343DBA41D1A103009551ADAD40EAE28A4A68D9426284961FCFBE5A340113B2071746D3F765EBF4DC6BFB5407BD0862B49F0B037C0082453059725C18DDD3E
311
BFE3F1E829991803366715D474942CD30FB4A782E00C64017A412D684E454CE3FE28995203B162A6EA5AC94B66997D225E109CD63B0135484BAD1B3C07E9080CA35DB3119C11BCA5C200461A68A1A438126C75E3E230D40FF81FB3F03C91D1E3A3A0AF79FE28E25BC39EC3E17E4C2A2D94A0833A51AF55BCCA7D88572FCBAC
311
529C4140B020FC3AAFA886621DCED7EAD7664CC86024E806DC297DA1BB393E4156543457A4537DB8817349A70F8ACBF09B3EEE2CB2F33E91B65D60786E4E3B39B77E3FEEEF5650424525DA657FB8B46BE6BF064646F0A0F7327C0BC1BC1B4CBBC1C419FA3CCB23500007872A2580CAAE5461865565294E4EDB4617B62FF579
311
DF9A5B2F54E834076A597573A020912FED777F9B3F504B03041400060808006EADFB50169D459D51000000570000004700000046353739364332392D333135422D343333372D393731312D3934383236303242333437372F4173736574446174612F41737365745461626C654F66436F6E74656E74732E62696E53616060B0
311
34363631363271D4753374B4D435317032D6B5343335D2757176737235B5743336B3741202AACB4D2C492DCA4CCC492C28484D2C4ACC4B4E050A82012F90744FCD03CA26072767A4E6260200504B03041400060808006EADFB50F865834058000000680000004500000046353739364332392D333135422D343333372D3937
311
31312D3934383236303242333437372F4173736574446174612F53747265616D56657273696F6E5461626C652E696E66558CBD0A80300C06F73E4B117FB66E451741D041DC5BF98480A492E4FDD18EAEC7DD4555D89EF28DF51A0B1BD8340C4DE7DD848B988C0ACF0649566493F2408C508DDEBB99D5129FF8F1AF8CF5B950
311
3E20FAE5A16B5AF702504B03041400060808006EADFB50F25F8A1A350100009A0400003600000046353739364332392D333135422D343333372D393731312D3934383236303242333437372F4173736574446174612F636E782E786D6CCD94314FC3301085FF4AE43D761A905A558E2B044B2790A818D8AECEA5B5EAD8917D
311
41F0EFB1D30CA022A60E5DCFEFCECF9FFC4E6E3E7B5B7C6088C6BB862D78C50A74DAB7C61D1A365257AE58B15132784F3F64AC70D063C372992979087E1CE6528B1D8C3657AD71A7B9F81023D20EF6169FBB47EF081D4556680B31362CEA23F6C06124DF623CF11608F882078C7E0C1AD324323DCE937440206C99AAABBA2A
311
AB65592F77F5627D7FB7AE57EF5264A5927BEFEDAC37E9B2E087429F6F65AA92221F2B3906336BF25B98FACB23DF1B2745522A1929242673077D0DA90386C11A0D94D009AF09A94C22845E8AB358499119FC22F1849D7126B76C9331201F5E923D0C64F0E688FCE7F5FA64B62E12388DB7CBE3D2E1F529BC4E3FE8ED1CC829
311
31B796934B87DCB8EE0A2911D31A49A1C95B457D03504B03041400060808006EADFB5079CC685AE40000005E0100006700000046353739364332392D333135422D343333372D393731312D3934383236303242333437372F5265736F75726365732F39333334333234412D463141392D343042332D393635322D4443464245
311
353946333639422F7468756D626E61696C2F302F636E782E786D6C4D90C16EC4200C447F05F99E90A49576B522EC4FECA9978A126F8A966004A66AFFBED072D893AD9927CB33EAFA7D78F185293B0A2BCCE3040283A5CD857D85C2F7E10CE2AA5522E2270C443007AED064D06A4F54629736BC9BE29BEA5D787471C780C9D9
311
F7187610D69B9C57C8F6130F339AC2B4617E8C9B6133CE63C24C2559AC07D81DD80FD884867103BD4CCB344CA76139DD96F9F2FA7259CE6F4A3652AB0F22DF791718134561A92EA17E3329D96CAD4A729D6911403FBDA66435B5CA9C6AFA0EF14FAC9089D13B6BB89624C932F25021348792FFB056B2A5ADE3AF8A3A5B33FA
311
17504B03041400060808006EADFB50A233C2345D000000800000006500000046353739364332392D333135422D343333372D393731312D3934383236303242333437372F5265736F75726365732F39333334333234412D463141392D343042332D393635322D4443464245353946333639422F7468756D626E61696C2F636E
311
782E786D6C4D8B490E80201004BF42E6EE76F3C0F216234B883063108CCF170C074F95AE5473F5C4C06E932E4F28601967600677D21E9D8092EDB002539227A2FCCB80E1168D80A6417297A89C5D6963B7129A0D1E8F2EE73AA7B62BBEB8B27DE50B504B03041400060808006EADFB50BE89762363000000880000005B0000
311
0046353739364332392D333135422D343333372D393731312D3934383236303242333437372F5265736F75726365732F39333334333234412D463141392D343042332D393635322D4443464245353946333639422F636E782E786D6C4DCC3B0E80201004D0AB90EDFD75167CCE820A4A845D83603CBE602CAC26799919AEEE
311
E0D965E2E908050C6D0FCCE04C8BC355404EB6198129C92351FAD580A10E464065907C8D948F8F166375F655BDC3FDC3B4E530A176BE7057BDC43B2A593FE403504B03041400060808006EADFB50ED125F0F7E000000A30000003600000046353739364332392D333135422D343333372D393731312D393438323630324233
311
3437372F5265736F75726365732F636E782E786D6C4D8CD10E822018465F85FDF7940ABAD8002715EFE1121D13A191B41E3F685E74F56D67DF39BCFF6C0EBD4D7CD9E005D4A70A90F18F3059BF0848FB8C2F807AC96308FBDF0D901F3723A060907C89213D0F3499794CAE5067FD7A404608250D1DB0AE078669A508665DDB
311
E0DB55AB7BCB34E998CAC6B928797EBDBC252FBF504B03041400060808006EADFB503626A167090100004F0300003400000046353739364332392D333135422D343333372D393731312D3934383236303242333437372F536368656D61732F636E782E786D6CCD93BD6EC32014855FC56237D86EA544112643874E5DDA4EDD
311
28DC2428C0B5F8A9DAB72FB80C89D4AD1DB2C1E1133AE770E1FB4F67BB0F08D1A09FC94807D28157A88D3FCE24A743BF25DD5EF080982E30D279E960265526821F03E6A5491A0E32DBAA5AE3CF4D7C40E7D0BFA81338493A65658C3389EB96CA9C50433C532D93A4230D10310705E586641CB41B5400994013310DD3D00F9B
311
7EDABC4EE3EEFE6E376DDF38ABA4E0EF88B6F1C62708B8740ACBC2173B0367F558F01C4C636A06222EBDD1D2066785103CA6503A6864FA5A0A2997C51A2553A98AADE00F2338AB51AF023F828760D46D26BE32F76F919FC16B084FE5958291F63693FFE6F16F05B075F6CB08D4AF20BE01504B03041400060808006EADFB50
311
E3603EBE7A000000C20000002C00000046353739364332392D333135422D343333372D393731312D3934383236303242333437372F636E782E786D6C6DCD410EC2201085E1AB90D9DBEACE05D09878023D01A1D34A8419C380F1F82DA68B9AB8FDFEC93C3D7C52546FCC12980C9CBA232824CF63A0D9402DD3E10C6AB03A33
311
97DD192872090D3406ABE7CCF5B5D18893ABB1690CF4DCF02282E5EA8A5BB96FFE536F285CB347F95BEFFE81C9ED5AFF9D5B1FB575BB00504B03041400060808006EADFB5052DA7A9D7E000000A300000007000000636E782E786D6C4D8CDF0A83201C465F457EF76EF9A74C5083067B8F581632D37039F6F8D3D1C5AE3E38
311
7CE7A8E1B379F4B6E9E562D0402E0D201B1E717661D5908F05F78006A3528CC7DF0D509836ABA162306A4D31EF279AED32655FA977E179C27B2B6477A31233D28E983326B0148460C97BDA3574645C88625CAB52E6D72B5BF3E60B504B03041400060808006EADFB50CA1DF9C9A900000073010000130000005B436F6E7465
311
6E745F54797065735D2E786D6CA590410EC2300C04BF12E5DEBA70400835E500FC800F84E0B411AD13252E2ABF27A55740421CEDDDD9B55CEFA7A117778CC979527255565220197F75D42A39B22DB652EC9BFAFC089844F65252B2630E3B80643A1C742A7D40CA8AF571D09CC7D842D0E6A65B8475556DC07862242E78CE90
311
4D7D44ABC79EC569CAEBA537E3521C16DF5CA5A40EA17746733E0B6615DE7217475F386F18B9481C510F1F021CD9FF027EA0E1F5C4E609504B03041400060808006EADFB503DEE336E64000000790000001B0000006175746F6465736B2D64657369676E2D7061636B6167652E786D6C35CBC10E83200C00D05F21DCA56CA7
311
6D41FC96062B120735B69A7DBE268BB7777961F8D5AF396893C2ADB70FE7ADA196782C2DF776D7A97B5933C430F15651E5469C55D70F80A4992A3ADC954792C525AE70A1E4D6AD9816CC044FEFDF01FE3FDE907802504B03041400060808006EADFB5017CFD776F9000000960100003700000046353739364332392D333135
311
422D343333372D393731312D3934383236303242333437372F4173736574446174612F636F72652E786D6C8550CB6E833010FC15B477833124D0C8384A48F8829E7AB38C43AC041BF951F5F36B072AB5A79E76353B33BB3BF4F8353FB34F699D32BA8332C790492DCCA8F4D441F037D4427664D41AE37FD120D37C961D2418
311
189DAC09CB0609A3BDD409D566941BC89D931E32F18C4D074EDCE5CC731E7C64B847BE70F1E093CCCB7CE5311A821A37A91AA39BBA296981F5A7BA6F09EED1AEDF5F517D192AF4766D30C2FB76379CAB61E8CF981649CCA857F3CF766125F77204463089E40691E69D9487BA3A90F6831689C9A8F336FEBC2D4DDF013BA5AB
311
2FDC735AACD33FAE6119FF770D4AFB8A6CAEABC2012BE391AF01A3454A29965784B1A644D937504B03041400060808006EADFB50707CDA15F40000008E0100006800000046353739364332392D333135422D343333372D393731312D3934383236303242333437372F5265736F75726365732F39333334333234412D463141
311
392D343042332D393635322D4443464245353946333639422F7468756D626E61696C2F302F636F72652E786D6C8550CB6E833010FC15B477833124A19171D4D0F0053DF566D90EB1126CE447D5CFAF1DA8D49E7ADAD5ECCCECEED0D3D7FC283E95F3DA9A1EEA1243A18CB0529BA98718AEA883E2C4A8B336FCA24161F8AC7A
311
C830303A391B970D12D60465326AAC541BC8BD57010AF1484D0F5EDCD4CC4B1E4362F87BB97071E7932AEB72E5311AA3969B54CBE4A6AF5A3960C36B3B74040F6837EC2FA87D1B1BF472396084F7DD6E3C37E3389C31ADB298D1A0E79FEDC2291E9404463049E403228777521FDBE648BA0F5A6526A33EB8F4F3B6347F072C
311
79ADE81FB7B8C8FFDDA236A1219BDBAAF0C0EA74DC73C06895D349E5195DAA3949F60D504B03041400060808006EADFB507701E674FA000000960100006600000046353739364332392D333135422D343333372D393731312D3934383236303242333437372F5265736F75726365732F39333334333234412D463141392D34
311
3042332D393635322D4443464245353946333639422F7468756D626E61696C2F636F72652E786D6C8550CB6E833010FC15B477833124A1917194D0F0053DF5E6628758011BF951F5F36B072AB5A79E76353B33BB3BF4F4354FD9A7B44E19DD429963C8A41E8C507A6C21F81B6A203B316A8DF1BF6890693ECB16120C8C8ED6
311
84658306A3BDD409D546C80DE4CE490FD930C5A60537DCE5CC731E7C64B847BEF0E1C1479997F9CA6334042536A912D14DDD94B4C0BA73DD35047768D7EDAFA87EED2BF4723D6084F7CDAEBF547DDF5D302D929851AFE69FED8395DC4B018C6012C907440E6FA43CD6D59134EFB4484C469DB7F1E76D69FA0E98BF87F94373
311
35D1629DFE710D8BF8DF3528ED2BB2B9AE0A07AC8C473E078C1629A5589E11C69A1265DF504B03041400060808006EADFB50B6AD26D00E010000B10100005C00000046353739364332392D333135422D343333372D393731312D3934383236303242333437372F5265736F75726365732F39333334333234412D463141392D
311
343042332D393635322D4443464245353946333639422F636F72652E786D6C8590516F83201485FF8AB9EF28825A6D90A6DAF20BF6B437A2B423ADD0082CFBF983D625DBD39E2E399CC3C73DECF0B5DCB34FB53A6D4D0F658E215366B2B336D71E82BFA016B20367ABB5FE970D322317D5439281B3EB6AC36393266BBC3249
311
3576569B289D531EB2E91E0F3DB8E9432D3297C14787BBE50F39DDE455E565FEF27116829EB7A89EE36BFAA2D50A7C3C56634BF088EAB139A3EA2428EACE3B8C70D3D662A0428C0366450A73E6F5F2439F5625BD9A81134CA27987C8EE8D94FB8AEE49FBCE8AE4E4CCF935EEBC41D376C03B4A2B4AAA2312E5B143151E22AE
311
A9093A8D6238D79DA04D37B0E215FC030C8FF97F60D0C653B2015F0907BC8CFF7F5E7056A402E378B61B672A9B7F03504B03041400060808006EADFB508393B02BFA000000960100003700000046353739364332392D333135422D343333372D393731312D3934383236303242333437372F5265736F75726365732F636F72
311
652E786D6C8550CB4EC33010FC9568EF7939691B2AC7150DCD07204EDC2C7B1BAC3676E407E2F3B19B20C189D3AE66676677879EBEE67BF689D629A37BA88B0A32D4C248A5A71E82BFE61D642746AD31FE170D32CD67EC21C1C0E8644D58364818ED5127541B891BC89D430F99B8C7A607273E70E6050F3E32DCAD58B8B8F1
311
098BBA58798C86A0E4265532BAA9AB420B6C786E878E5443BE1BF697BC7D199BFCE972A8F26ADFEDC673338EC3B9A2651233EAD5FCB35D58E41E25305291483EE4E4F046EA63DB1C49F74ECBC464D4791B7FDE96A6EF80BDA233C10A74B45CA77F5CC322FF770D4AFB866CAEABC201ABE3918F01A3654A29964784B1A644D9
311
37504B03041400060808006EADFB50AD7563D9F8000000940100003500000046353739364332392D333135422D343333372D393731312D3934383236303242333437372F536368656D61732F636F72652E786D6C8550CB6E833010FC15B477C0181268641C3534FC407BEACDB21D6A25D8C88FAA9F5F1BA8D49E7ADAD5ECCC
311
ECEE90F3D7FCC83EA575CAE81EAA024126353742E9A987E06F7907D999126B8CFF45834CB359F69060A064B2262C3BC48DF65227541B21779039273D64FC119B1E1CFF90332B58F091E1EEC5C2F89D4DB2A88A8D4749084AEC5225A29BBA2969810ECFCDD06134E487E178CD9B97B1CE9FAE2DCAD1B13B8C977A1C870B2265
311
1253E2D5FCB39D5BC9BC144031C291DCE6B87DC3D5A9A94FB87B27656252E2BC8D3FEF4BD377405FD73B1D29B7D91FCFB088FF3D83D2BEC6BBE7A67040AB78E23AA0A44C19C5B206186BCA937E03504B03041400060808006EADFB50CE81402E00010000D70100002D00000046353739364332392D333135422D343333372D
311
393731312D3934383236303242333437372F636F72652E786D6C9591C14EC42010865F85CC9DB6D076D96E289BAC894FE0C91BC26C25BB85A650E3E34B6D8D7AD313E4E7FB67F867E4F97DBC93379CA30BBE07565440D09B609D1F7A58D2951E819C959C43483F30205E8FD8C32A8392C31C9669974CF009FDAAFA60711775
311
8C9880987BBEF410CD2B8EBAD04BCA44BC159336373D60C18A8D5332B9F1CB6A66D4092D285EF18A568272F1C4D9A9A94FFCF82CCB955472713ED57C6F86E30B5A12A69423816A65B9BD666A7176679CCD7F74578733A8C756748707DED19AB517DAD4B5A09D608C76CD911F2A7EA91B2172916C5632A6394F662FB2CEE0AF
311
F6CDF82BD932D97F26DB1C1114FB0E55AE6356B2FCDC413ED795A80F504B03041400060808006EADFB50FFEFE72D08010000B201000008000000636F72652E786D6C8D50CB6E833010FC156BEF803124D0C8386A68F8829E7A73B143AD808DFC88DABFAF9D50A9BDF5B4D6CCECCC78E9F17399D14D5AA78CEEA0CC3120A947
311
23949E3A08FE92B5808E8C5A63FC2F1920CD17D9418281D1C99AB06ED068B4973AA1DA08B981DC39E9018D737C74E0C60FB9F09C071F15EE9AAF7CBCF249E665FED031EAD5F2B33A5AC9BD14C0082638C34D469A57521EEAEA40DA375A2425A32128B1452911D3D545490BAC7FAEFB96E03EDBF5FB7356BF0C55F6746EA2CB
311
BEDD0DA76A18FA13A6455A66D4791BFFBC99C49E1E397E4BB9B478508CBE1B336F82584A20A3E72F60D121117F4A8755FCA3B4D2BE229BE163C3012B63A13B1183D305E3B89F37CE746DF60D504B010214001400060808006EADFB50297A2B20D4000000200100004F00000000000000000000000000000000004635373936
311
4332392D333135422D343333372D393731312D3934383236303242333437372F4173736574446174612F446566696E6974696F6E4974657261746F7250726F706572746965732E62696E504B010214001400060808006EADFB50664F3DEA000100003002000045000000000000000000000000004101000046353739364332
311
392D333135422D343333372D393731312D3934383236303242333437372F4173736574446174612F496E7374616E636550726F706572746965732E62696E504B010214001400060808006EADFB5088E57597CD3F0000904100006B00000000000000000000000000A402000046353739364332392D333135422D343333372D
311
393731312D3934383236303242333437372F5265736F75726365732F39333334333234412D463141392D343042332D393635322D4443464245353946333639422F7468756D626E61696C2F302F67656E657269635F706E67504B010214001400060808006EADFB5028BB58AF800100009E0500003D00000000000000000000
311
000000FA42000046353739364332392D333135422D343333372D393731312D3934383236303242333437372F536368656D61732F436F6D6D6F6E536368656D612E786D6C504B010214001400060808006EADFB502CCEBD668A040000E01200003E00000000000000000000000000D544000046353739364332392D33313542
311
2D343333372D393731312D3934383236303242333437372F536368656D61732F47656E65726963536368656D612E786D6C504B010214001400060808006EADFB506180134D5F0100006B0300004500000000000000000000000000BB49000046353739364332392D333135422D343333372D393731312D3934383236303242
311
333437372F536368656D61732F52656E6465724D6174657269616C536368656D612E786D6C504B010214001400060808006EADFB50169D459D510000005700000047000000000000000000000000007D4B000046353739364332392D333135422D343333372D393731312D3934383236303242333437372F41737365744461
311
74612F41737365745461626C654F66436F6E74656E74732E62696E504B010214001400060808006EADFB50F865834058000000680000004500000000000000000000000000334C000046353739364332392D333135422D343333372D393731312D3934383236303242333437372F4173736574446174612F53747265616D56
311
657273696F6E5461626C652E696E66504B010214001400060808006EADFB50F25F8A1A350100009A0400003600000000000000000000000000EE4C000046353739364332392D333135422D343333372D393731312D3934383236303242333437372F4173736574446174612F636E782E786D6C504B01021400140006080800
311
6EADFB5079CC685AE40000005E0100006700000000000000000000000000774E000046353739364332392D333135422D343333372D393731312D3934383236303242333437372F5265736F75726365732F39333334333234412D463141392D343042332D393635322D4443464245353946333639422F7468756D626E61696C
311
2F302F636E782E786D6C504B010214001400060808006EADFB50A233C2345D000000800000006500000000000000000000000000E04F000046353739364332392D333135422D343333372D393731312D3934383236303242333437372F5265736F75726365732F39333334333234412D463141392D343042332D393635322D
311
4443464245353946333639422F7468756D626E61696C2F636E782E786D6C504B010214001400060808006EADFB50BE89762363000000880000005B00000000000000000000000000C050000046353739364332392D333135422D343333372D393731312D3934383236303242333437372F5265736F75726365732F39333334
311
333234412D463141392D343042332D393635322D4443464245353946333639422F636E782E786D6C504B010214001400060808006EADFB50ED125F0F7E000000A300000036000000000000000000000000009C51000046353739364332392D333135422D343333372D393731312D3934383236303242333437372F5265736F
311
75726365732F636E782E786D6C504B010214001400060808006EADFB503626A167090100004F03000034000000000000000000000000006E52000046353739364332392D333135422D343333372D393731312D3934383236303242333437372F536368656D61732F636E782E786D6C504B010214001400060808006EADFB50
311
E3603EBE7A000000C20000002C00000000000000000000000000C953000046353739364332392D333135422D343333372D393731312D3934383236303242333437372F636E782E786D6C504B010214001400060808006EADFB5052DA7A9D7E000000A300000007000000000000000000000000008D540000636E782E786D6C
311
504B010214001400060808006EADFB50CA1DF9C9A9000000730100001300000000000000000000000000305500005B436F6E74656E745F54797065735D2E786D6C504B010214001400060808006EADFB503DEE336E64000000790000001B000000000000000000000000000A5600006175746F6465736B2D64657369676E2D
311
7061636B6167652E786D6C504B010214001400060808006EADFB5017CFD776F9000000960100003700000000000000000000000000A756000046353739364332392D333135422D343333372D393731312D3934383236303242333437372F4173736574446174612F636F72652E786D6C504B010214001400060808006EADFB
311
50707CDA15F40000008E0100006800000000000000000000000000F557000046353739364332392D333135422D343333372D393731312D3934383236303242333437372F5265736F75726365732F39333334333234412D463141392D343042332D393635322D4443464245353946333639422F7468756D626E61696C2F302F
311
636F72652E786D6C504B010214001400060808006EADFB507701E674FA0000009601000066000000000000000000000000006F59000046353739364332392D333135422D343333372D393731312D3934383236303242333437372F5265736F75726365732F39333334333234412D463141392D343042332D393635322D4443
311
464245353946333639422F7468756D626E61696C2F636F72652E786D6C504B010214001400060808006EADFB50B6AD26D00E010000B10100005C00000000000000000000000000ED5A000046353739364332392D333135422D343333372D393731312D3934383236303242333437372F5265736F75726365732F3933333433
311
3234412D463141392D343042332D393635322D4443464245353946333639422F636F72652E786D6C504B010214001400060808006EADFB508393B02BFA000000960100003700000000000000000000000000755C000046353739364332392D333135422D343333372D393731312D3934383236303242333437372F5265736F
311
75726365732F636F72652E786D6C504B010214001400060808006EADFB50AD7563D9F8000000940100003500000000000000000000000000C45D000046353739364332392D333135422D343333372D393731312D3934383236303242333437372F536368656D61732F636F72652E786D6C504B010214001400060808006EAD
311
FB50CE81402E00010000D70100002D000000000000000000000000000F5F000046353739364332392D333135422D343333372D393731312D3934383236303242333437372F636F72652E786D6C504B010214001400060808006EADFB50FFEFE72D08010000B201000008000000000000000000000000005A600000636F7265
311
2E786D6C504B0506000000001A001A00210B0000886100000000
310
504B03041400060808006EADFB50000000000000000000000000370000006662782F35323037393734342D324533432D343831342D393736452D3238303345433937414444452F617474726962757465732E62696E504B03041400060808006EADFB50000000000000000000000000350000006662782F3532303739373434
310
2D324533432D343831342D393736452D3238303345433937414444452F76657274696365732E62696E504B03041400060808006EADFB50F270F1330600000004000000360000006662782F35323037393734342D324533432D343831342D393736452D3238303345433937414444452F747269616E676C65732E62696E6366
310
60600000504B03041400060808006EADFB5088E57597CD3F000090410000420000006662782F35323037393734342D324533432D343831342D393736452D3238303345433937414444452F7265736F75726365732F322F305F67656E657269632E706E67355B773CD4FF1FBF73E71C0E67EF7576C9DEF3EC995D46C6A1EC50
310
46649CBDF79E192942562825CE965D8A868C2842C8DE9FDFD1F7E7F138F7078FCF6B3F5FCFD7EBFDFEC41B196891913091804020321D6D7513FC77D8C5070EC3FFEE51B21F068154CC75D455CC028A3EA68992803810109FDDE5D5CEC5521B28A1B422BF80741695D5B529DA1C2D058AD2388BDA9F476F7C2CADC939304173
310
DBF48A452BF8A700C0C70C3D121C1AA15A5270C22E2B9E28763651F7DA0D12CE11077B2ECD0D560B5E3DE2368B1E65C5E1C87384A4CC5F2D9FB8BE39E9B77C753783A37998F5CEF1B4FEE553463245C9712270880DF339E0B882A6BA713D865F6F384C842D440934EF264F4A304F8DE4EEFA1E2BF5E2D91F5ADD9613D6E31D
310
DB33ED31DB1D7916CAF091286EA3D31B9CFECB78BB0060245B943C4C040119FF780A74DD308BA9D028678674EB5504ECF284EE814DAED07440BAF649BE4B55DA2890F4D73E2D489A59EE54FDB0A85B59F2F52C4858A02705C4815A792B0C4A996A2023ECB195073E115E3E3647F64243A8338F2000BCB58DA5692C7E7C3D41
310
3F963FEDF3CF00FBB0F831A9D51360FECA43819F527B89FA260EB63C5DA676830AA3626A3693B23F1A17A0DFFCE3EE164E31B5365EDF0C89EF64D8E38AB0BA9A1117D7C3A0EC44F44F4023095E80BA610DE336D0F99593A88BFC5306E72DF98F7FD132ED95878DF2964EA7E43071359FD83B2BDF9C6B5BDF768F0F3C0FC351
310
199526F53D9460A34511F75D1B63E488178569472C91A94497807A3FD4A390C6558F26D416365C3656DE6E769DA9D8FC73774E1709812842DD8EF96AED1960F79D21B395CDDFE6F92CB4EB962A4668C76990E2EF29798C8941D67DA50F4A5F947872460F1F6FDB794E8A29FD7AC0C0D6E0714339CE258FB17AE8535221E346
310
4A10F29A0BE5EEECEFC5675926A89F49EB14E5711894F6586DB5754EB4D5DA9C6437EBA57DB97A24F8B8A8DB295FFD73266CF57E82694DF5166DDF93573AFE9C9C5EB05F8FEF8E89E0A8917B0B3724DB7BEBB53252581EFC3E38166BA131A3A5B42FE2AD00A769BBFA4458D2DE7822F8C4F63D0B8E21B285AE13325F3410A4
310
35C648C9D91FDEB109E73CEDA7BC796961AF79175E1A3CE4C5E8B0D009B0C9E29EFD98BC8E97554E3D8D838424E270F7685226E5AC268E021EDE3522D583E8F20C0BDE2959EF5BBFEEDAB32FE9A3ED0E39F211A86AA9DEBFC68182EDED132AB8BB794442D2D7EA9F4D8BFF52BC4D55BB165124EE90A42D101E67BBBB292FFB
310
4F66DE5BF2300E44546757DA7CEF8932BFC9F92A0707953491A55C5A5ACEDABD9FA1AEA01BAC3DC5A24E22E7C47213493996EFBC369D086ED9397C9BA6C7F9855C7BD5E15BFC8C53DB3D2A4C5901A57ACD2FBDF4D1676E95338B2C2BCE65FDA4C64F5FEFDC7D9CA5AA1FCF11E193F2FDABF0F4916BF13FB916A224380E6462
310
A9815F2300DC49CC4DF8D055CEF76462F4B7A7ACA7365C2707891370BC1D0AA6203C44CCAB47084FEC057F27FFCD57F89B8B9852459798A675C66BD7CE572CAF71FF7E6D7ECF7BF62CAB7B3F1107DCD04DC55A3F9961700286141C94A4F771FEB2BCDA2DDEE0CB0BAE402FF1DB0100F8E475DFFFC074DDB4498AB7D186A765
310
4DDB1CB680D703D47CEB4E72F8CB13D86A4AA68116E26387B93FD6738779B34FEDB8E517EDF2BAF28D9BE93A1D3A164320E07D42E514725C29515FF361754213EDE06B079A2E99EB1CA82A02019EADEEB87B9AF005BD04BBCECB14AACD6B24EFBE482194A97DD32400685FF1FEF1544D1B14EFB1E7F08E6D2CD2AF52DE757F
310
35F5E62332EE88EA26417AD5C3E0E319D68F25414E6D672BD4522B278C57D18F0113921C71D96527E091F00CEB15AE23D24667369BD3CEFA10C7549D930890BA4366F4EBC55F01F746109F98ABCDD5A3EE06619C6AD78AB33E48E4C9BD21BF7478B385EC05C4F8987E2C1BFA0A60EBEDAA0AE0B015C2720ECE180FB6F2DEFB
310
EB822D96338C9B63822183BBF52FB664A7AE57003AABCE512BF77E7E31BDA2E739AC4C131657DDFE5225E900FB56CC01CDE808FA4A9C9DA16AC679656BB64796283D89812B8F91136AE18EE5EBBAF47A73BE3C153EB5D4CD491B4BFB4FE690A4CF9ABA08C0D8AA64220C438C96EA6CA80B58FE5761E697B3A292EB9FBDA502
310
FA863E49FE694ADDFFF9D62C520BDD1A22014147A0903A05B9B729F54272EF83931FEEC057BFF8C8055C279EAC5C0011804828734024F6CFA319C9CC6867C727184465CD9BB7ED386AFFD96B294A85E3802FAE47244602D8273615952B98C4F23F7EAE4463D9D638EEE374A20959E0FE519C4CFB0FBFE5DD80C2AA3F9DB961
310
D1BDE57E67C9BB47B77FDD74EE3094F5DBBE3EBC1FBDB7393F5116263009E2EFE1AF9A221B2AE234C902BF70E9F280ED23E73908361565964333A3F01D0B006AF32FB21AA1316744B489D5A198E85299241735BE559675130955C902A8ED761FC0DBE337A9F91919AF5CE32AF902ADF9AB2615E00E8A94586BA1A90839B618
310
32FF1BFB76D2EFADE6DB1BA04CCAD3DA649E7E2A0219F592E22F2AD54847EEA8E42271011E9074F8F3DD9FBA6CDF88FFC9FC7E811AD1CA8F4557CE4AFC7BBEDCF0114A48689F20A584520C74DA8127124B767E2FB91A6B186246727BE63C9445BAE02088D58B8EFDC0F1072407CD9B89A13F6303B4A928F593AD489B58E686
310
9325790ADC406036C591729FE14021F94B7796BB11848D463536A092A26F077F94639F7CEEE2A724C66EC885F4A24F8B8A0AC321F8FD149BA529460FAA34E4663C02D41FDF80BCA222D42F0ABFF8490F4FA74C673807C2051D8E467B47B616072860069A9A303ABA9B319D58404461401B0A0F9BE5E1E151C14BC33B32ABE0
310
3DDE91708DFAEB15E7C0D593C86BB7D7EC17BE56E57975F077BFD5525F3A1A361D584A75E08CF29FC7B44B2B3085014F3A5A14517377C3F6B8F37E59514C3B12F8AACDEDDA4DFC49BE5710101534CD6FB6DE15B50F11A09472AABA727F0C49D9CB906B158030065F48EB3625E010CEC1D511D0053474B11E6A4F01C0D6EF1B
310
ED3A944FDEC70E0DDCDC756C86545910E0DAE3BE3AA9A404574C2995CD5CAF9549226BC94B4F4F0F5F9086F418F6B32346464610D8BC7391D3C3A3CCF04CFC1FB2A3A3170E369511868F14EEA4E5E438CC73DB1F3248AA94B6B2FF33B222FF3D1E7BF146CAD229770158063BCE4F5391964DF62F7E52A7BE0EEA829C9E13C4
310
C147D6F93FE59E111DAB5E4594D6F3CD1AD375EE039930EFE5AF2BB2D41C83C7DABD8C659BAFBE8FAB392CA634F3D15C1D945DB4588D2B0824A4EC928AAC565557CA2F0DAA588CA5BE30B3A8004F7BF005E96CBF891D7F18112A3619FDF530DC8AA64954258E1811789B5189B49B4EB53F5F89F7D37523894F3EB57B373763
310
C91E502F52CC99EB7BDDF933FC324C4FFC2561DFFA7339FAFDD0A4BFBE6D3A8FF9ED1FC49898139864602458968913181918F719CCF5A68B2EE9C1FF050E34E63107003B8120FA982C21B30A874E4F5E4B38D5A8290C4B8D9BE48A0BE31EA995BDC37AC6DE90BA17D259DEF53605D55922FEB1855D915B659FBEB350EE0DFB
310
2F9F766E1C84CC8964B75D08667445EAB966015F63A18A9E0A325C1B3DC628C0D3CB60F767FA93CC65F25458BD23C3B312716E5F40E5858AC06EBA9AB14F95DB99147B832069201541D09A0D856E12C629CF32683760EE855537D1901988D5EBC156676C7DD51D7207CF3267AF1D76C2AD867315E44618015313A98B19941C
310
696FED3461CAA9B5415F918556D7802EDACEFD6B2E45853A9735DFC9DBF7E440F9319F8B6805A973BCCDC76C069A9144E51F187EDCC12FC31B5DEAAF0A76137199B106EC84ADA6B6EE697D4E6A96E007417F4E880E8B1E89B4BCE9D81EF611E2ED8F0C1A6C25F620FAFAAB656A7C42D464880E8AFAB0E0FC8EA38CA9A8AEEA
310
EE3E4648BA4680270A89743CDD3E6C6CBF34B7B640EFA285ABC7EA0A1E28F3CC963D114A80123EE66D0AF7D5380EB41909B605AB4765B709B808590458157E69BA1378FEC4B48CAF6A730E3BE3C5EF2DD1A5EAF94B1DDE50CEB55DDFD7EE9A16747FA4B223359FB1FCC69E1194892BABB93A1D5C4E807AC0EA2E30180811E7
310
7A2291F6E7F7FAA5E0F60215BC6024E48DE436C511F0628B8CA189982D4D83CCA17D305A7E923C37941CFDFDCD93ACAF735EF5F0E61BBD3E6C41A59B242790D3A3BAC7064DCD89AA2E37214EC839820949D5CAA31E240D2948E48F690298974A96BA9A8432BC90F5071D6537C9666EA4564796B7AFFFA548077BEEA75F6308
310
3435074BA182F3699557397F71548383FDA8CA34D99B981E72835ECDA5DDDC151315173D05A21F651AAF8524E88209E2E7A737ED1045800CE3390050BCFB8BE588DF111617874C62575039CA588EEFDEFEFE319B739DE2EDC147092A262611E159650E787917885EF08F1F51B8F2D8A71D60B58B190FEF9541A1BE94BC19FE
310
A50784DA1419FE4B0FB51B8D36B5FF8E1286FD8AF42B91E59A5F1CC4D60174E764045FD8C57B18209B217F89A62252BD20BE0E63E12B8E8F029FE19E0E8D0870F58721A557082250D5424F7909369376E41666C0EE77CD87CB283F661D5FB6D0DA023CB67320A20DC7BE661E9E1BFE5463085C557DA1FF9BE835733766C3D1
310
39F2CF9E2208873AD0EB4814DE9E6BF2CAF81614D4D43906ED1C05A3265CABBFE192770FC2F64F940CB6B17B5F166F133C9AEEAD2641807C3E69515171DD74C4A85311513D6EC9530B3B601B6BA3EBFF3B5C3D2F7D69765141E345F75433953D013ADDF8F6AA7DC3F4A7563FE5C7D367937E2900D7EAD0F9FC9A4A1A9B5BDF
310
1FEF08532660C01C5D6DE22199AA774383E306DAB87E301ABB7D213887F9869D4942D0D71E94B27EDF216A318BD488D45DF84529EF575AF3C3938C0AAA0215B01994153E2054A0B894DA5C784980633AAD48576957CF4AEAEAFADC7C587368551C73DBE1E57C58AC713303A8BFC258BD04B51724459FF9E24C03A81E0E0679
310
CEB9B348C0DC998FEB9C6D6EFA77D247CC8F92D3848599ED89A23218D0636465AD1CEEB7DC140D7426F83491C4E8E8281C2FB35240918FFECE880CA2A42D70E8B20B34DF5221C7DB0CF90ECCB9C745B37A47E9B716FF7A97B7A252C1F3814DC7B1E1A7F72B8751D524EF7CAE45B0C73B3BE7D08ED39781B380DDFC9AA4A474
310
9C9493DB5BAD07A6EA6C092FBD0E85DB004DF06B8C9D3089C5320187E4CE1846158C7EA7DDAE8AD9AFFF21AA3A1026BB06A259845E8232DEE62811A4DA9CEAB3A4887320B76E2AE5615EAB7BDF738CBDD01F1E64064BC13D9EC53576751CA8CACD58B3CEB0E6CA585BD089B2A59B9FC101403387AADBDBE70586B93D64BF3A
310
D4453EF9C3B6A93817E8346991798601344F79A83C51F3D50F7BF2683A3605F51A72449489E0EE6169C749C60B1035651103AEE24D24E51A759C840DD3FC6504DA6FE107510E447B43461C79D22970B75DE5E1BD3007D1AFC619A4A4A69B5626AF5E9B8374E20677F77E2F8E73DF868E8BEC7EBA7B6A75EEF7205E1AB9486C
310
B642741D6E03FF13FCCEDB1C4AC129886268B01CDF4B124AF797CF784F3C6DEC97A17D4B558070A0F1C04DA4FF9BDBF34159AEFE958479824B3F58EBD1E19088A2AFDE501B6F2052368A3FD0E650A179EFAB1561E1D27527077136E652676C3670F42DCB3352F48F6BC86D2C3B0051727E41A0A4DC6CE2BE9D47F5CAA2935A
310
3C0539AF080665997194ABECD723B08129CC5B6B21D2E7D54CD4D12610E7E9FB8306771A89576C7A982002775ED44F3F744CF21EEBB27A631671D921938AAEE3EB0D19CD1E083727F607823E817BF599DCED5394E37EEBC2E88782E638920CA641EF74D4CDFCDEF06F4278ECB18E31E7E9876F2D783C8BF429C75395F57E98
310
C2B495A3DA077EB3AC3C158608B6B57FE3EA48484D9A480096FCEE0DE880950E7E5A5714131C5C41AAA29FD19AE81AC145FA1B9E85C7169A5AB837B213493DF7E9AA4B5FBF9CDEB36EBD21EF1181B7CF7366AB2A951D01E37AF4EB835D1BE8C117CFBE7625D2EBCDB0B20C5A4B45CED0BCDE3EE8DA9DA78C2E21DEAAFFD119
310
7E463C33CC6A80FB785669B856EFF7A8CCCA2841B5A5369173320B1170C368B2748D81062EA0296E5E2D95D7667A4A46D98A6FF475C76AAB0A8C8D45E226FAFC9FE0133EA9F60111F99CA81ACE03A1D14C89E8B0D69079C91464FA1D99E651D0EAF606F345C42A8A1AA9BA391031582B96D5B4176A77AADB01F12FD298A75D
310
EEBB2C82F0B8650E880722F8DDD90C56A7A058E5FDEF1AC93545BA27367C76F5D8F9690CB6F8DAE141EDD7971F0FB548A2AE435F224D6E5954CA155512F7332029D5A1230854B79F258EC5FFDB09F5F6343A8EB193229B7F7E79B3E48F8E183860B38C8269D1B53738FF1E0BACF6AADA6D4869E9DE708E79B5DADCC09B1BC7
310
6F649731CFAF59A83FD8BAE4C749D66FA87A3810D4D62FFE826FA400C0F325D2BC0F3CA35F5847B82A2ACC7961745C823E4D863D54460AF792CE6F79B5C7A33B25C3AEA6CDE15A919B6367D781E9D44F61BF828672594A3E1D9EDD6DF179A81F27EAC05B936575D73E05C209DDD2115CFB705DF9BBF3C911589B3640735E9E
310
618FC9C36A7326C82B2205E244C55D56FDB9D5DC93CE958D4BF8174D2B3DA54CB3C09F2C2A6DFF73D23B2197355761AD421EC581284A7EF8DE2CE3497C0C804D49B41DFD6A7360844E5BEFFB495CFCDB97A4595911CDBA623274CE852B5E278AF0BEB1770E9D37CD977B2766A7DED0E94B840E1E95E8C77DE5CB6354AF7871
310
427C28ADBEEF7BA0A28E19DE9ACD75F379FE373EAE6DDDAE3834692F9C2B03B4FCA8FCA9ABE8EEEBEBB725B88A7C90941E850682CA04061A7DF0CE82ED49BFAFFD42C309818FAE14755CAAE78B0F73243ECCCAD7DF58FCB9CDFAE7A4D3E6671A613639130D056C8383C8F4FCF4808C331E544DD26E4755D09EA05253B3049A
310
1E32587CC25D72E073E2CD96D04A71BBCB0038FEC3F53D254199C3CDC67CD66640269431860225392B2CB3ECD0B4498AAE78BA1994246AE1EE78F2EDFB79F6C6CB6B5E279C4D373FBC21CB2698C9ACBBEB6A4BB6B39E16AB0E421CCBFC7654D81ED86022F9BB522146F9F4772E2D0E4FA70120C95A85A417BF5078B232F475
310
4363EB1750B2AC2148EB46B1EA72AD9B4D23ADCBC589D70106C3EC2ABEEED84DFE28E718C6C83502C28E9FDD3B09DA0A6F6F7B72B706A31C9E2A331EE70DA56A083D2177BFD63C55B11D8D949FAFCF90B23A1E24B9B5018B9A17E99F2890EC302F330FE7936E2C23F0D237EC8916F5166AB84B62A21BB0B950146962D754F9
310
2CC2C8877BED8FC7B7B25726DD19545392570B3A2C66B58F027BEF412E552D12A588C4A3CC5C3193FCB3485EFFF700D0B9EEC077754A33DC1FB9E25AF814628F91DDFECB667D3F7690803F38D13F8AE39353523BB08FC6760144AFA2CE28236F65EDBB3D5F59A57D612B99E3D7E5F8A851666BF9B5A6658EFC96EEB37A378A
310
BB0EB3FDDF1303AF32C41BD1C8560745D7BD81066B0D6313359CF488563D3BA3F8E2185D1FAA3EBA1397C9D0E3DD232180A4DCADB6AF25DB3AC3CC26589C8239E66E81547BC7E2F328F9884764CA37EB5DBE390DFC03A5246B456A7C3684C4377D0EEF9A350680FA9A077E8B2957B489E09AB1AD41316944C2254B5984830F
310
691C93CAA767EECF976FA5647538830B5E63236A6F0365C1E0F3E327F24FE35EDDBD7360B0F7374837409F7A6311BECC12B7026D4FA1AE204FA3F5FE904B1F420C7A9044AE58E403E7C4848E7DA25DC9EDAC79DD756FAA26B9EA83ACE8A214A2612A22AFA19DAE7DBAC5F8CDE1292A485F98DAC731A29FE01A3966E96BCB9F
310
B5A4C8830E1B9AF0C54B87FBE221A097036E5D28D1F869F810C06A9BB0AC0612F69AEBAF893C6E7AD59460208BAB3A6B09CA4F6BDDAB8CF0D1F84B72487498395A70DCD754796E271099A567A55CF242BBED64696378BB6CF25EF0FCDB589F3A82F1116D010A9AB9FA4358809EE0C973A2B4229BAA876A70B03AB49CBA7FBE
310
71DB1832FFD32F9BF2C8E98075CACAFB36921235D0F552B6A67E94E094097A5D7DF681B40623DA535ADA7A9AD8E9A62407D7C9A5AE51D62A17A83A23728DE86BB56115804D3F2675F2C6B87541A0FC497BF0CA86420F558C9859EBE9FAD62747E323E3AADC03FDCDDFE7407B09DA90B44E3185723C5381EAEF589765E2F7A0
310
99BA46695BAD60CEF3491B8A171F5F56444F7CE9455312C3498C74173AEA0214EC029833B34B650CBB5A5508D5091665309642791708ECF27CF11DB3D797D6CFE474453BD4BFADB768094B2147814D81C7CBAF8228DCAF5564B5891F5EF6A860EB2E323CB82AB868D8EA048880D63B0DE5341F1B3D53297B928A11E15F25E5
310
148990F710747C3509ED14909C552EBE3973246FCE55D00564D8310BC3EBC5085D08D806799B77D6C57FDF5E55837F9E934F09C03C729271B64F12D0A9F9E938107CAF7BF1EC8CF1BB9B42363D33070F4CACB425E605DDB0A34A12BB936DE286B9887A4E2E558F0886498BFF49C311D96C277CF6A9FC0D75AD0ECC5226D7E0
310
E3572012E56D7FDE4410CEC7A6D0F997F225A2055B8B92E3956E875AE4993CB3D4C9063AF98FD45E1BAB165640A43439A2C9181A7C355B297C0A0CCFFAE19B6FA3C2BA238A885FBC98B8F6DAF4B94B97304878DF4D8BFF6A4AEDF79E90ED4E68F00CD7299F4E0D83E35601AF0CBEF18C1E870E74758FA91F5131075004DB3C
310
FCF09AE1DABC11957FD9808C92E8A678CE9DBE40DDA0E0D1D505AAFBCBA208232BFB6FB3704E8985E61ADE53DE74152F5C7DE74B1DEDCD37DC3E8FB30D7EBA8B9EFFC3606BF90B8D438279CB7709FC7C00D327F41817EEA71CD9E49FE9C8C9A81C70915D9F0F15958EC5AA4C3BBFAF46986B90F188BDB24B89DE3C6F29EC3E
310
6F66D84856EE96A35E657CA41B41EFD8DBFA16AD6E91439EA92B40B21C053249F51AE50EB0B24C770FFAF40DF12C8436366819C48E36547D4E7B72FE2BBF10828583057814A668BDF183F6B2E58DFB151103E56303E63D00F39C27C4661605DB644D19175D02E3F0241E8FC3458D17AAAADB117CE9EEA690D0DB01E634878C
310
04C2C9310B69FCAB831151E3AD293BEF6E46B0ABCECB50F5939B39C613D41E81FAE8D34CAE3C4566B761D37185FE864AC32FCB71AEF39DAA5BAB88609BB980CD2F07A8F941653B529567726E2B2A58D079DD57E1E5E31426CF184A04D7B03B985F276D47406AF276FE32E3328BA866EB1FD39BEF57863A317634AA5FE46740
310
9B3873F5069EF0D71AF00AD189D17BA1974ECDB2D623E9E14086386A6AAB5807825C37B015BFE892AFD154920EC437EB945D958E18622E1E0FE2FA06557CE4BB9BBD05A2D40E774DA2B65473791E314B7D6C886820B2FCFE4AA272B3B8B15E7344A145E8AF919B5454D89D36D413E87211186BF6F645E5EC94DCCE8E1C7990
310
22E4EC9BC86D7A0F2AFB1FC4B2CE48F84B3F49ECE65BAD24CADCC07EFF39AB06BE9E6B27A059938EA7208838455383DDBCFCD967DDE4650EF92A14FF933C975DB20BD7FEEBC4487576485963D757D16340D9599FEB362F775F38CA4185A86F74B629C81B133644A3B18FD056E997E0734F9BE26D11C0AAFC669E2AC9FC41D2
310
81F8B2E1C35AE27BCE05F3DA295488096688719D974DF1B5D182DB7792288697F8763CFB43562C1CDEE11C4AABD5C22B6E33F6F389CFC3477C5919DC0D533F8A7A1846B7ADB60ABDC26C43D0CFC8910B7C15EE22675BD02702ED39DB77A87A192CA7A543E6205B979B9F5A6B512A3CA799E198B2D5797C0AF8D1D872CA455D
310
4D431A7879D4DD76110B5FF7F4176B54477A9EB5E4A5D11214FDA585F0382751D8E2582BA5D2075053298FEB8F1537304E32CB22C2E2B693DC0A760B1DFCA751BDC445AFDCBB12820ED85F6D5298933C7EF1211E9E057684056CDA3FEF3BB6052355E162DF27C59E965A8DDB7F9437EB72CDDA3A090DE65A5B2F50326247B7
310
EC67B73ACC7047FC9B353D6EE990F772207C6EC52B39DC2F3C0754821DAB559F7C1809C7D0DD5B0499D0442E0A6E391B3D5DB46D11E731E6794EC77523FBDAA242ED67F9FA1FB684255671F63C9BCFE6E7E896D51001A6113EF2298BA494E0B0980D1FA5B9D60796554C02256B1E0345FB7C6186B6A19D2DCA270416262845
310
FA4F42DB5D9B0A0B6F07FCA2E56C242522E001E0CEB734AF310FC8BFB57E38E03AACE93B3326A2197891E68452B26A6307FDABFEE0223D3C03C3C73D2D5BC054C8311F12004CAE488E5C29287F8156A2CAA4AD0D7BE6B97264E4139F437CE73ADF52E5134C52B819777C18B323A5924E4F67AFD13B1CDC3A61793A79FAF5C0
310
CEB718E441071E797C6DCCB9EFCF7E4A1E9F3DF3C2F9C9E8294E9586868788C972857FB0556D7A26941A7EEB9B580AD78EC40B85DC906B4120A563CA3B87797ED612D3B035962BB75F6515A393F4CB057F564CDF54F2E5A024514E6A1F901DB80C7E70B1FC05E356A7E72FABF4775B3E3FB8F70A2A8E7B6A94542BB3041579
310
78CCC999E707A29CC795E67A59CC546A5D47B368954CA7B6E75EC9E1F6FC73CE3B4F71F8CB1A6B15923D61EAAEB14626AAA9D04A26EB9C66CD1BE86CA31A5D8703DE04CD1EBCE4F5CCB62F93909AD11E55799A781A956ED27D3E738F4538CB04ADABC7DAEF20BC35BA6A90BCC1DC61BA05F20D8832FFB9BC9B15E2DB838A0A
310
FBB7E0C82A562127E0446894F427794C3037186F622BF24DE1B00AA10A23BFA47B2A180D6DA5AD6F7326FEB8C100C2D7142EB2A0B2A9D1008A09BA343D70E054AB69E2A7EDB783CBD92537FAF4A44D1296AC2792729104B3276C276C951D0CF3CF3F1E6B017720A7B8505A5FF9589365979678C36F1BAF759EAF57C60F1FF5
310
FE9DCF5F8E764FF25A2D06CF25117A8FED51884C13B2B750DB0E4F5E3D64124FCF11F0AD8F1CC3B3DA4B38ED22BF1CB2585EE6BFEBBA63FBFD44F9537B9B37BDD6B358720F98A8125AED4349CCFEB0E135F19E208A04CA7E2B10711185D72E381F448036EF57C9F874E54A971CA37A639E986AC0226DC5AA00D5B14FEA9192
310
234B3DE617814FC221C92F33F1D392F297731B567FD98FD91D989379AF567A65B8ADF177591DB90FBEA99BF4ED11B16E50A0AB1DBF1156D034BBE04D69D08F939D8E92BF525A1DDAFF80ECBC95D8F45D3FDD289FD23F7D8B452F8EBB34EC082DEEE68E18EDDF072060FAD2AB1504DD4879BF67099FC58F6E9DEFBF645D1633
310
4A3E9A127C6F1AF6132CF287E433B43A0EE93812B4AA0B194E03EE3FF91EF9C6ED0074A2F6EB18A96A7C9890B1FCDA1F2095E944DB911ED54C60DF16FB74C8CE9BDC7C54C4F14078CF73C2FFF1F1BBCCD7CF64F71407EA1683DBC410D226627F66E509060D5C0AFD611DE681D509DB8DD12FB1265B03C6F5C55FF4C30BD941
310
87FF692B4F152982502F193098A789526A038AB529A52BC0DC4FB6285CBAC10A8B8DB75DCD9BDABBB221E27D1F8DA9F5EE5926A1C8AA9BA9BC09239C6A7F12914EA3B59EFF7AAEC3FFCCE56F1C5C2980AD072793527565E774F4631DB178CEEC691B1F367BEA0CF2907E1D6B854D527065979DDEF002D8B2ACEA7CE21AE297
310
737EDE1D45B31233B73FEA35BCFDD0B09721FDBAF6432681F2FD10C3E9EFB246FD6E854B344ACC9D8A0EEF876A7314B49B6A499FC650B099D650DBFEC7638ADFD245E2B7839DA5AC5F7D5623FC0ECEEC8653FC9B2BDD1AD4D00A566FBA7186DD3C9CD26512551637498CADB950FEC71ADB9A5524285DE328B8EC7EC75D2345
310
AEC6A27C42AF6D9B92155315C80DBFCABBB7DA0FAE425C4FB896B15C9BFAC4FE67DF5A23D30C93DA4D8F36FB15D100050DA6062E22AEC5F4DAC4F6FEEF97AE05DE63C6D38F9E068A20BC5E3B6BCD75320C5090924E7F93640A7735B1A43451C2D91EE62C6238B797349E59890AF3A520DF4A87095F3ABEC2E61F0593416CE4
310
6CDCBE0E00E2523FCCD04408588B5B6C9DB6459C786CE378770B54F51DA3A5E1DF2A3349BEAAC234A6CF8993B598B3B25B4B113E353A4D750FA7534749430F3EBF2512E7EA3FD43C6AB9A1F765A58463B306721A15D224FAFE8C6F5E3432D57EE697DA0DD5A9D4866A8BCCAAA9DFF1F06047851408FEC060471D0E3EB86BFA
310
F46E4B5E60311DC3E3CEA147C75CF971BE74689507154FF2D2E92F15CDB2B9182B11459FD8ACAC5A85F174BC94A7F4EE4C4F5CAFA7C02E37BF0BC77B7DCD0C047BC316F562A01A441AFA7931CC84A28CB9F4AA367EB515778F29BFE61195FA671F4352E5E46E3A64773F1F76EE5EB36D7BCE9BCEAD837A4D77F8DB8C92AEEF
310
6711920D7C7D0F76B0FD0EB7AB83724CD35BCA7D36DDDF5FBB7FF6F04A91F3E2BB3B8F1A43CD659639507FF6331C5F697BCC782AE57D757A27D97F1AB9E0AEDB43F92F1B2AACDF5FEC8ADBAF9F814E2027003BA2F9E144B1938A7A04050AE5D953B82C45619165C813A10E76DD6906B3C16438064D14CDA713AEC420034613
310
E1AC7241904A49FBF87409AFB1FCB9B72FE7933A87D8FBEDACECE4EDCF6A4FE9FB94D5DEB74FAB7CFEAE17EE965DF980DCCA2D04134994F9A2E94D2265DA4FE6AA7B7AC15FACAC2B5ABBCD7DFF542C5314FDAB2E1B9D8B65220B8E2B638BE008E8DCA22678C820C5053664D15E89F2D735B51A84955E81A443545E9FF787BE
310
0FA700A76D136C27DA179A7C6E8939E01BE756E19CB292798063D8B97F44E8A27BCF3A614FEB8BE974A718E86F7EC99B53CA35FA24F61F2B07266684623A3D4CF073E511F3A10A8FDAFAF0078C577F4DF9D339FE7862E5FA47CF4344209E5BF76D783B1B48E152AD281B15FCB934DCDA49CEC5706B1EE8B460F435324A5CAD
310
154725E21AB8044B75A557A79F6C807B9340AA3D92503E866F4274412926C8C504E4D5EF8C0E68DD0B028781A6B4054F11CF18941F101C57CCC796773ABC8DED9CD91FE5788806C05E548895354AEAC96546D55B0E94A59F148D061F42AA398D822CDECA4CDE79E13469BDCC44FDC990F366BA5978C15F97ED80CBFD73B0CD
310
9B8B83A4F6845BDFBFAF034019473FB9A63BD55D3A4A7284757071574029A4D016DCCBE95DD679EF3C4880BF169422F8C89B68A988D2B13793CAED4F74DE7486C72DC94DF46B8E93D8E02EFCB1FF9B3BA10C8AE7F653DF94F4AF466CDDCEF5776687F7C4C14B63E4EED1719DC2EC482D7DBCC7AE518CDE3D5FF86D39000EC3
310
673C0044E1D308BF05F74D1B5F033A7D1BE7F74BC55BBE3E4A20F920946CA0271EB17BD2B80E5660ACB8A29A79F5E4BBA49D4D945B6EEF4A7EFEAA65E5555BBB57A7E15D2F83C69F30BBB978D2B39F1F26FC097424D39BB33CA3D87ABF64E307938B685BAD44F71556A30B7E712CA4FE600613C3E554B69ADE949A7CFE214D
310
F1FFF05CB82151EC6FC31950239F94CF7AD39DC473F6EA356E5EC2C4EFA04383CEFE985A127484366FBEE3C0EC4FEA363E4F6632AE781392FD45D67B63FB8DF70E82734F431FD3443172A0E30A83D60982D55FA6A2CF86DBA8382502ACC6CDEF3B907982EED1160E14863FA242F9757347E1544275CCDCF71ECD5F8621CBEA
310
326B8BA884AD7F825781923E66971F04010D574C541D8427A438A37EEF8AF88240EED7362C953F5A81DE2D56109CDE2524EA0F5D2F87308C0C47BD97AD605878AB8589E17CA83930CB5E0DCCD75853D68B1AB136594926DE426C367428E9334AFAFF90ECE221BB5DC9E5BB53D2CDEF954EAA9CD814F0E5725F1965DD458E5F
310
8487683AD86B9D0076BE3EE91EB1CECC5331A67A3F79D8B27587C12EC2A6A70474749F27B4C0BBAFB94B34189E88DC18964BE4121B9137FD516C7755356E50D6714E31ACD222621EBBCD1CFF81D87479056A9DA0E0B8EA19D24CF937DA89F78E8650CCBDC110AAB6C4E46DCBFD0446BA9E2060E81F314AC2031E88135E5476
310
AC0160EF5C0DD2EEF1B8B5CB2D198BE9A554A9093B5F7D7E4B5407DDFCA1D9C152FD97F55BFFFDFE802954DFEC8995B983E28AC92F1971E28F531DC407A1280EB125F64A72E617EFB27DFBCEDCDA2D6F2BDADA36873EE46B9BE1782998C63DA7182BC383FB6FD15DA472B175D7E8B4FC88F38D6E07FEAA3FA3CBB8F6B449EC
310
F14D2175E5C5CCA3A42ABF24CA6C9395AF74535F4DDB38CB84F56614B0FD32D7E19CA5CF988DB4449C40E23DF2B16772594554579094450F56F253CD25EA7F77366FB1CFE79696C428BB64D5A41E986189427E5E4D7E2DAE3D5BB4972B3DC44EAABDDDD63A2264ECFA5C786EB0EE1FDC5BE34FA0F08376869FD1E61EA06CAE
310
15191135445EE8F0394161C3266A596AA035572BB0C8876180D8B9C77D307DF9DCDF7365ABDA6F3A2366436457A4DFC1F259666569A9E4A79C817BDD5610E5200FCE894A358EC72858D50EF67545DA81C6FACE3D457BAF70367E1E6BDD9A952FB4F56247F58F523B97E640246051A72F79BE42FFA0B3187F63097F91C48B86
310
8586F714B0EBD5A00A8412C1236E1298F60C72BE6C96B82B404CADAA304AE9F303176B14BA53FBC2D5E86377E35542019E24D97B96A49B2C0E5006E7795954DEAF5DA58958839043C6C70BD3B1B33B6DC5C31316D8A6923F142E26F6711A2258AF977DDF1F970ECC4F1F2B434B96D81BEB6E89BF3BBB3C7C8CC80505070723
310
D6D7D7D3C8CA27CA164A26024FED94B12A86031867241DA53D929636DA600F050BC40CE48B8BA03D69224720DEE2ED2127390BDF5E6EA64527BBD4C4C63FA76BB801FEEC0E61218EC98A8A86CD8313781617877E66692839B9468CF4DB8E50A73986E558E309C0D6F676F921BE02F1185454DC75B111572FF9D27D85EA14C0
310
5AD7271225B391C4275659CA4A43759D0BA44639BE4C30A84DB7F67A41399FB95CBF923B1B1672ABC807C1590557FB18D811983FA97F5E609516D62281D38B1281F68FC75528C35E4CD7DF0F7DBB5E5DD69C414EBEA2F4A5B241B996BA77AE6C772E367408C633EA3E438B68563EA8BE7667F3A4C4FDEEA52ABD78A2820F44
310
3B7914A15F180018D231E64519C56A12F6CA7C8DAE18F06F6B769DBF92329EF6A5D18FBCE600F36BD8E8198DE5CDAA96181F3A756EBA5501CEE58F497EA4F418A2B82565B9BCC611713C0B708CCA1F398B78C5F7D03B3437CC18F13061F55C7BEDADD5ACB1DB0E36D3CE47FF6EA1A563A57E9649EA5D14D1A50EAA45746338
310
1C073777EF1600607BAF6428A7DDC079D47A204EF1E1F1F0589FB054D45E02CE623B3823C317C601E589E22B1E88B448524B86A82828E32345EC18AE17214B42F8C41C6D428016D9BA31DDCB47572561E5A402E5BA4FCE55F78AF7268524AA04130F3A20BA5D1E9F9948EA48FC8F5314FDB35E21898198060034ACE5E3E2BB
310
CA34092518F275190AF65F45867FF0900AA4B81F25427414C372BF51DC29AA855C5428EE1EEDD6B849AD60F6E73475C2D2523F8A2772C840A478DED18A8C5C91B085F255DC4F54EA7AA8947354FD17ECF8FB3B4A0DE7B483CAF3A1165EE05BBA413E5C1FEF3DE1D6B8F2F3F3251C17D9FCAB48A9AAF63AC773A0E413BBC46A
310
9ADF84A566FC920E4D8C52C9769EE3301CADEEEDD92B312E02E2A7E35B7F1E7D203FE5A7D75578B06E99D0E46FFADB8FDA17ED8880390DA29094202D6F645F76F6F96409CDA05495A96E84B04A00D1A6C6C81D7F3DE9376E828CCF144EE50E364ACCE7237EA0BFB5607ED1AC3CFE73794E5B61739D14DF1743441B1AC98F00
310
ECEDE9E7301FA29755FBEFA68C91EF2B314CF510537EF1ABFC9A762496280B546F5EDAAF8A5B387D469FC9A878A92828C88608453ACEC6094DCA54111E7AD5B2663DFE2DD151B7F123B9F4FEF8EE36AB125FD7AD52A59B1B765B3E3F73E3F73DEA93875004D2AFFE3CDE9493B87A9904DD052028949041A91DC0E1BA47BA71
310
4343FD5B25E0A6A09503AFC17C790058A836A324FE31D7893512E28230332F153181C1E018E1124EBE1BA262AA428A518237D1EA7275E48C5C561BD19ED6912EDD8367DA0F31E40EEAE9683DA9257525AEA7B632B97119E17145A90231768A4F3B9120FF32E8319B015E3CBE26F1A754177D8185345817C096B0CE443A955D
310
13AC15E1FB5DEEA0239EC32A3C92241A237B0B02FFCB4F93CF2B02570C8D192E2F2A68CEEB42F12E6F8CEEFF46C251E22B4341C56FB08CCE550E7A9D6F4D6564B9EA52A83D5BF2C6E03FA19D2775E15A8A7ACF30A13C259EE7F5EF2AC3BA354F1500E1A07FC63FB4686E2F12EC69719F9ECF5FE3F35598DF2CE944008CE78F
310
0911BA5BE5D0A34E0098FF038669C26030BA9B300303039852A8F6F496341737CA7E0D2E3AAA36DE0A70AA7D9CA0D54D9AD84B18A44C9E625475E1C97B93BEBB38DCE7D227E67A2D00F531436136355F243D1FC0D712C5765754FA22FCFFAE97919161F46D6E61ACB37D83777B385889770B50765B127768443A5C4D3A4E35
310
A3151111F146B7CA116F918A049F1C272F2CD7976C69A0068773451659A97E0F4A08FE604C3FF6CE7385DB19F4D3ABC8A0D80DA8A42096AC377DB49382B36E270B6FA7570188B4B7D1DDDDA82ACA487CCA5D38BD3BD039ADBAFA4ACFF27809239B722081E2EB9F145320553D183F28471C388BC8814E5045676767AB58A8E7
310
2D1CED2CA731379515D2E533E4CF0B39DFC625F97AC4836831A4DE330E87A8126FA17EBE583D614E71E22A8DBF2825599743E0640037303E8E1B1E8EA4E1ABFA4F62907B5E4E0E5DCFDAB417C36C6848A2B8D15F1E505434C0707E16B1CFC2A1C36A42BBF55734F8F4301DDC2A5110CEE8C0747F69519265012A2174BF4E95
310
5ECD4FDE095A3ABC70536B7AD0B9D7892F81287D667C108703C9B66A221E9A0929D030008F77FF6F5D2108EF5706FC87A3069B976F7C9FC3239D13D283CDEA83597461079FEEE049B0F392889898B7D87D31F8D60ED7B56B91823A8E4EDDB36C6172ECEE42BD42B12CD67994FA0F0DFAE9389356F4CD4425A4B8AA55CBF7EC
310
D585C6A2C2316791E43D5C06841ADBB226A87FD61515FFBB0167B74E56BD7F3E90A57A97FEDCBDF483A0D6699A8C0849CAEB4947FAA90D8E332D9DEBD9F4738C37DA0CAF9CF3DAA68BCB67C420459C7A64498D6E848E5CADE92BB6901F607AA331104A67F7CD650EE169B1DAE94D2C31C2F993632259B6957E246EFE4C5481
310
107B07118607700040E5812A2A2A38DA0076875258C753F60E0F2662C748EDD5F3F3686B8FC3BD6FE631ECCAA1E8B1C1E565AD117E54893E79F4672E32F9E46B2A183DFDCF3EECB4D4D077DBEA0DA254D256045109670050129E9B9B1A9E4A11344D61497A992778095151510C4BB7EF2009B63AA4360635312E4CF668B7E0
310
D3D85A8688E2BD83B569439892ADB63461930D428E0DE42E4AC57CE48DA5CC1449530D8BD3D6A0F08DF20C8E8F570F2CFFFCEA286E30969B4654D498A58D9DA782E19FE3F002181838925592C4A1EF0B332D88B61A92C644547BED490D3A42CFFAB70E36D961F694F6307F72FF15A1C79D5B1B5CEFD353D9E2B52566DEC8F8
310
F09CB3E8359C0F68EBBB7898243E34E12A015B2685AB303C04D3A9E00671FF3DFF0A184E4A2ABEB2B666AF5B3A209C73D8EF29DCDB069C9F391EEE9DD0F74C7BCDE16F8F02E3B8816122BBEB50665775B600549D8BB33A54A6BF940C028118BC6878C79958D6784F9DEAA6E26748386FFAF8D0D0101E2847B6563F5D8DC1D7
310
8F787BE00E2C941AE12148D4A81599FE8F68D4DA5CDED75530ADE138240300EE13B0FC13A1687FED6774662C05A2B7DFB186732F0D7A93545D8B0A6390AE5054D9CB582DA846D7A061B3358B45E2B52DDE63E114397EDB7E09233A579155D795BE76102CF277F4DF8B188C4F2879BEAE3C08347124BF9ED23B128259FE107D
310
31E34A652F090B30B39E0D9AF917B76A2806135621A8A60681F16AF216514BBD02711585B5B1AE823F4B2D0369EA5B6BCB863072727FFC871CA6C9AB79A814D989057E9470A3D238BC87CBB4A0EA49AFE2B86F22E499793CAA9047080450166BDC357524561E258C77CB697F1ABB32562CF87C3B7AA12F911EF19FB3E5C022
310
22E887D08202A60A17151F5E053A86B437771088B4FEE14D652C43E8D939995D34545E12E2FF93D4E366EAD25F10CB7DED141563C3D0C447AF06078A91135FD4B9611583CB4BF3BD167F2399CEAB0E0100F8FFC305F00F1711717173138B4B48C83022295DE657EFEDD97F238ECA80F528AFB4F8D67AD4E2594B9A3AA86D74
310
87EFC313BA95745C186F0CDD84CC12DC9CB0424B42203D351FD9C0A3AF10CC7F388E0329279087386421F194F4A29464C1DEF7EF8BE515E4A199DCD5B909342598D8FE6A231F71336248D5CEC5454455C7BE383B3BC7B260FED27F703FDC39A170F3827239102F59D4DEE7FEF82EAA1A5E4BA94DCC4CC44E7E2EDE20F24244
310
E4454369D2E87C3F823F193FD4FD27E1C23984B01898D15ABC20711A8A558054951A6AE280096BA36CBA439603B7B0B4C45F248C14B2383B4B5CD8ECECE4FF859AD4A6CA2326D020EF090F4041D28DB66E5256B56232CC52829DE8060BAE6BBF37D4B7469B822454FE93210A3E8D15E69FFCF01123222611C51C4FD0A041A0
310
CFA2471CF6BE38D2B20FA4C3525B5B8B586759475CF80ADFE67A284AC24651E52B8E683D24C2622642F27E7C3C22783BCF63648BC398BD6CD0D9C97E7E7E3EACB6126DB7A6C1FD9F1031302EE67ED96F22B77C7CA0239BB324207559B105E4693EB26EC46182A92C9C0DBD24F29B31C5C5AC1F84300E0E17CEEAC15F5736FA
310
4A98971E2F1423BFCD68D4BBD5F86E74B40A369F39507C88FCDB35D2DD8DEBEA4AF999E23CF2816D204200DF6E611781B9884C1AC8888B4DE397320472959434323A5A36B22A8E1F721A270DF3BD65E4A31C11FF048AFB0D8B7B6881423793963A23CFCE935FC189ED36FAE35C46DA3574C979E4394BE52084F3081837BE03
310
3396D2EBD80F1F691B273F660D2B32FA27A33B1DE4ADA5F0FA4651511102DFA410DDA86E065272CA314D5249DF91B06BB92807B28EFD54F08F7B525252782CD276DD02E6B0319B13DF87B1F6361AD6B28FC0D711CF445429B9E5A433CD493051C49A9E03DDB1B147D880253514A5DED88009018620EE229101C041950E2D8A
310
A8E1F5F5438E0C0C0C60EEDEE9E3E0C051948C69F84BB7B2A48A1F3C8EB9E6864687F4F4F6F6E2FA87608ADAF9C5E117B7C1A737E710769DA1D15ECE6A84502AA855398712D5FB51BE92E4EF824969CE18278798AC303C2C7980DD2500ADF8FB1E6D6C2FAAFF9987178923334A244758BAA01A9A1B70FA5097D01E1CC2A58D
310
AD0EC94CE6430AA9B0C10D75E3C6BAC670EFBADEE1607739CE0FC18A2587E3EC3058562014C64219C69BC269082D5C2F4A659278D585755912176D78A1B641719C2A394CED495A1AC5D583FD2F5EDD93308EA7EAE8A6DD396598BDBD3D4CFED62D18A5BDFDE0DD5C80D1A89BA62697B131AE7CE9A6594138582F1B37D68F17
310
49AC7CB67A70695D48A4A056AC1FBD4E82358CEAE38F54B95A9016F9000F9879C0D9D131768635CA798895F27D6F1614F11F2838A83611AA51C9A3DDB539D42979C29F10465655C17BEC3E2760B80DCBF609198C7B171A531905F3EC218D696025975E986C6B4C666666787271F202805577DD5A3EF0CAFAF91B62DC4B2DB4
310
217A7606282F31D8DDBC290593BAA93EA6353AFA9939B877978481E15CFC9F2755CDC00C538F63A4BA3E80AE009B73CA0185687D339A507D165B74290D6EE46D5C58148F020C3668ABE9EF2F7549170DC80DB41FFC1D678FF19AEB10C7133832B104B80F691B3138F97A92D26E551F1F110400D45AC71A9B9AC41A1A1B1DAE
310
ED0B0810638EFFB511D46B121C6FEA0F38CD00E03CFFEB9713FE1F9C263E4DDEC160D0497FA9A132BA608584057FB15380825DE6C7FC3C667EE947D488A09898D8E939C4953BF4EC9836344D2CC6B2971B2A21A572B06096F4982D2CC7232D46E8EA69DC83722E267754D777F97F96D5DA74E1E75178084D0E70F12AD33E5F
310
71EF2AFA599B2BEBF60A5BE475F444F240CBFE8143C334E7ED9150FEEFEF7EB020C4DBED388DD1D6A167A76F3CBF119B578AE8CFA7736ACAFA4440A1C47185638A0D2F3EB5BDDEFDA958FB13CE4AA4923D5BF840392D45544329525749734866684BF7F8D9D54D892E19BCA9F829A0F8BFCBEEA6CFDFC61D74EA1A645ED7A1
310
FF241739F15694BD835B66FEC5677E40FE69BD3F91AE402F036537218A401CB0828604AD189E575015C6F3F6BBC8AC79CF6C70653847254B31551EFCBEB5978B9DB85D58D0FA41A9DFE9C624834AA04949D24B5AE6D299E072D152D12097920F14AA92C31C3B97E28B6C2E6E9C23D63043ECBBC0A60FDF5BD0C33C127EA8A3
310
308B8B6AFFEB28B4455BF6E7AF4FC6222728357EB8E46E85053E6A8843AB23295BF838ABDA94658FEF3F832F147046B4ACD6F7D48E8FCC9618582961C898D1C7A253C91BFECBDA6BA18A1FCF70755DCCEE2222F41B76D23CA98D0CB3D95F0CF66D57FFF65E2A90F5DF40FC3187621E981BD0BC1D992787212688976B94A8F0
310
C6EF646624B570B78E068826F87CE27041A95C9A4871FF65CC17FCB1639629AD6A9517000D63AC231F3D741CB8430777E7ECF80CE7A3F73C0F162F7E56AA71F4DA80A33CD6ACEE78E2C11FAC03DAFCE929B106F8F6B3ED2DC71FF994BD9CEF4E9A94896EF1B6E2B7B4978168BCF0847A3D2A4F1B0500B926E634B174548E9F
310
BAD27153FB5FC36799B1E6C7C38A94E1F9E996796D7B485E635D5287A2AE76FBD11A341DB3F8F810385BB7296391973DC6C37C452A9305AEBBE0CDB6C566DB59FE60C8E94B1FD090354BF51439FFD1B48D725228FFA88C84F686F547107A7A235665A4593B7C34D748C1AC8D56DD5DA861EEFBADDECBBD65117E65851F9035
310
1AEB65F0EFCFF4BCFEF24CB7A5879699FAC437A7AF9099186CF006BB923A59E37D7A36A29FD8D2CBB914A5E9D0A8FD212FBF796AE9A67958FF1D5D8B85F78F96219D4714EB919929241B6C018AAE0C02069F8D919961EC5DDFBFB7573E3AC8E08BFB7C8534BE6DE045B3CD63DBD71F7638BA2309CAE398EA3A7D8F98BBBC7A
310
EB367EFA5CFA27A9F8F2F52FE878058E6209C026453F8E7E8A237DFC389E9590F6059B397CFD65183BBF936E86896612A5B5FEE49DAC8455D026218AFEBEC12B3523A45B57B82C9C97E02ACFA1184DB18E48CF615DBF39C3CC6F0B4AE6BBEEA2E39D944E290302FA3DE33FA7E40296E2EF7BF1CD855BBECFAD0FD622BEE974
310
6FC4FDFDE545AE6E3BC234CADF83A0FB76DFB145BF3828AE3436368AC24989454F8FF70A177672C711CAA1A76107218CF948CA01F873520E7A2B118EBB161ABAD432932029628B6761590C98AB590C8C8C79798CE9F715BA696E839E9131A4BB68BE923F1747FBFF165331FFDD4D05997ACD168F12CA75348DAC04C7F509FE
310
83898A8B421181AF492861CE81E4A2DD0A30850CFA95E05F097FF70F9E777310D584A75BA7018922E271DAB1D785671157685B7D383D3E074DDB4F1E44EF04B07BAAC75A062077C54B9752C738C9D804D402E02851F3F89605AF189738C18C021D2139EAF72513824E10DDD3047BACC8521ED7E98B257D1166903B1B08FA6F
310
918FD7E162913FEC7D0EF4787E29C35FBA8C6E2C9C20E9AB30AE42CA2A01A090E7D010C1B5BF9CEE2A304BF3A987FB40D836979B79E18D70F257DA61E808472DD85B82761825779D6B90CAEB0F23360C6F80A7D7D77545E95B3DFF0CF96A827F9B5BCECD2C9698718417EF80FEEDEE938AFF55859D0D540B7FE09435583A6F
310
04874A0C7E8CF234DF4879722000167F5872CEC6BF3EF7E5A8CC8121E6A359227C8A29C95212F9F735BC72A887D56B8F309FC525BFB4FD767AAEC4AEFF249CFBBD2DE1AB9969A6155C7D8DABC307E47324C1F916C7BCFF40ABA5644E9FFB9238D19ADADA49D9610F01ABBA57E4DFCBDCCBB2B93C8953206C91DE01B0E2651A
310
6D6C31721915B31F7B7CBCE55466F6D70402788FA91D73BE4ADCBA99A35F17D6B83383704917D6833F0FA3CD45C926ADB8BC17999A4A0AFBCE2541F7B8CF4C2F5FBA611B3E626D64407CB32C122DFF4EF8674D6EDBB86C8F7C6A16D50FA685E2CCA34F8F7D1D8265BB0042E9D7F1F666F7BE5FAA5184DF58E12122A42EF02F
310
461B3F369AC746F96528AD208512AB56844CF75B97F352DF7995024FB02855385854F3798670D01CAC771AC3E1889EC25F61A20C1F8CAB46898817F9C47E2CDA1F286BF2F358298709FE567C91133E2638C8B53975E753EA8BFD3578B5F7186B7BF084EBA3F77BAC3132A5779902EC22AF2D2E79F42D324E083386DAEE9810
310
D1B44A5DAA54513C7A71E52A4AB9257D975B621308FE4D2141CC3DCFE946C154A3C1DFCCA7629EC69ACFA831634ADDA93C0388D2A9A2DDAFCF957C6995BCE7FBB6DC4EBAE79E63EB08E9A25F52F67076F7093CA545CA3053B5BF576DEAD4E0017143C5F759F32B2D6F145B52B67B48909B7C7FCA6586EE385A2189C16932CB
310
6DDFD9152AE317C430492A578ED27B72D85D40C7C93C097939E1B50F4D67F05334FE9DC362C30B7FF561B95259138ECFD9274C8D695C31B14D4EAA9F3D7FA8DDF652F8C5DEFA23284C799B7D94416DEE81E05A866302DC70192A5368EA65E1CED8BF107A1E2D3119A71E85DC1A7B0C1E93274CE04DD0F2ABC8AC7C987FDB00
310
2B6F81757B43502EF7A0D92E416494FAEEA4C9C090CD9557AA4D532F4996A272B94355C5A0E4974EEA9627476F30809B94D8D8D860062E02204643BEC7D0438AF800FC7E2B26955D595421E83C69E1A07E0E3122285835F014AD538188CF9737CE76D464A353FA55A001AB2526B84E985083693BC76FE211CA1D000679C889
310
E3C009832C87E1AC2EDD05C302557422DF0800E316FCAC86978A371F025A6C7DAA9F333E7BD160403A1A06EA75AA9888FF01504B03041400060808006EADFB5051464CB48900000043010000360000006662782F35323037393734342D324533432D343831342D393736452D3238303345433937414444452F646972656374
310
6F72792E786D6C9D8F310EC2300C45AF127987122606C71DD918B841D4B851A43646695A717C52A85029031293A5A76FBF6FACEF7DA7264E43906840EF0FA03836E242F406C6DCEE4EA06AC22492573150D1F66C60C640E8938CB705396EEDD86DE9B5042FE27813D640EA63BB001C722AF6E55CB61E4863F58284D5D3F53D
310
D715CE1C3985E63FD7F1B7EBDD617E9F1E504B03041400060808006EADFB500D627BA93F070000201C0000340000006662782F35323037393734342D324533432D343831342D393736452D3238303345433937414444452F6F626A656374732E786D6CDD595B6FE23814FE2B56F665F7212421409B1165D4423B42A3CE8C06
310
CD6ADF22130CF5D6B9C8495ABABF7E8F1D3BC46980742ED26A5BA950C73E3EE73BF793E9FB7DCCD013E1394D932BCB1BB8162249946E68B2BBB2CA626B5F5AE8FD0C4D799A168D7D164A704CAE2CB16CCDA63B9E96995ADA902D2E597BF5EEE62F94472421168A18CEF32B2B8F1E488C07B82CD20DC91F071B5CE0C16EBB1F
310
78836AA34976C771F6D0BA2AC39C2405B00AEB0950511C78E6BF2092339B3A6283B1CDEFB76D78629B23053719A5495EE0247AC555EBBAE111AE5AD7F9DE68713B1C07F67834F2EDD164E8D93777370BDBBBF0DDF9643E0FAE6F030BCDA6EB3465B50232926C408B2FD6CC9B3AE2492DBE42A18BEF284D12122934BB366C88
310
A24B49DEC6C400D693A2351452C9DA58F07B0A7F645B2F500C960CB4B570FAB369BDE9FA6F0021EF63A53C27C2CAF38283AE15F6953FB853A75A35F4427314E382708A196274CD310705C1D64A410619E12D82141298492D6A7A4D5EC1B0CFFB521797DB9231E1BFD64C7A5A08FE488A5C7246FF21FCC07DF336E009A42D69
310
525C2A618B970C480453472E56CFFCA17A580189B60CEFC05A404CB1C91FB6F09A8B58B05C58B38F77EBFD4AC487EECB339E668417C2F2A4332BBFD31A6C9816185F0F502A5C4DDD1D50F90AD07F02E46B5ED01434C7E97EB41F69D9394EF26DCA63D00E7291EDC21F1789AFAFBE4D9DFAF00C2123561EC314DCF627616A88
310
61DCDD8074367D02A34FB9AF845B4598814DDFD344F839180A62292C41BCDFAEF7D66C09C11416E11466203DFC4E1DF115C1474507E24D4B435DE1B787A2B4C3B4FDECA0AB0F60339C46B5AA0C198FE13BFE29F85E2F561F5725DFE288DC2BC75E902D4D6801C9B49B210374C3E5BF2D3F498FFCC0D2356687D3C6A608AED9
310
A5226E74A865A5D482A45E801391862BCDC8957B0ADECE184E485AE66ABD2B4E45294B79B87E092B17EEBCEB4F6D03D565CA003A631924F788D34C6062CD94B6EA403868080A1686B9B2C05DA5D5705DC65988E3B44C44A87D6D8A6D3E20CE084B04AA929A366CEDB59AEC866EB7650EC1AB93E4DC0052F9B3265C59F808E2
310
5817BF9C6C3986249A2621851C0CCED2798371410DDE699E73C2B62165AC8CC32D659047C2186747E8F794A099B91EC9CB73CA379D044DCBD23EA96D4800AE80D520E96C55C57CA5534E9EA82833653ED3D9C0D8A1EA506B363A922E44A6E800541BA334F3C0F747FE70746DDF79D7813D726F7C3B988C87F6627E77733B0E
310
EEFC4970D3E65347AB66BE03558A32C7F0BFE2A18CD709A60C1E08B1F1267BF75E66CF2B0742A3331EBA17C1C568640F6FFDB93DBAF446767031B9B58797AE7F3B0F2EAE178B5B87933C2D79447267E8B8A136C92CD91DE34A73F73A864259733ED9697DB585F91FC7D0764E3094F85F0DA275ECEA2808FB065171B41D4271
310
F42852541841D5D7E93EAD20DAE6A32BCEBD312EBB03DF953F9E170CDD6078194C6A633F19A8E53D3F1CE7BA2488A0EF2C8B30CD70448BEE84DAC2A5679C7E536E19F8DE18013AF5DFFA92D379465D12D218EF48B8C5A24BE8088CE724E8CC613B96E6394D482EBBBC57D55F8BA63B8062CACCB91D4648F3302605FE1EFB93
310
6D43CBA62136B310FAD1424C04CE5605B541AB0EE41845D1FD42E296F2BF84398E335675BAE730F0861A02DDE374599C605A5CF104F616E2227437440E2ECE51AFD9D7F541A7D6DAD483EF267F041E5DD7FC4278F415FD4BA7C1D80BC4CF250495C9D8F32FB422CE61A5AF2A441FC74AE83CA397F099D0DD43AF42B39F4E1A
310
255B555417248636161725EFE5AF93B1FBEA2215175A0ED1B8E98DC5A1ECDF740707E8C906EE5879DBB806EA509AC09CAB9720AFA4E83461A90B39D313A3AB37F8F5496537A9FE70BCFCE51573D3F96239FC398F0354CB550056D1C7A8A93BAB6EA31ECA9F711141205DC94FFB063C62433687C6CC20D755A2EBFAF45CF5BC
310
14013586892D1671F65E7C615F31A81ABAE7DCF950156D4EB5BE14896D00C3E9031F06D326ADCF1F562D2AB0D2FBF4178111796E5150AB73D10D9F20F56D79E8F95B149444DF96278EFF273A0AADC0C6180DA6C179CA280CE5C906ED480AD91BC60E3DBA0D1E935C6665305E15A4F41B811EA79FAA996A81D74C9F8E1E300C
310
A699EAC5CA0886A29031AF2CB58E7E8331A89844CAE1D4E011DA3015C32C54727A6581C51614BAADC11AC659727828A9B7C695E0D838D9897C5F9DAAFF3F1C13E840543AC855EFE9838B92CC7026286C33F99E00AABEEAC16CFAFDA26B76102EE0EBBA2C6A610E0B07691408FA8540251C4CFD1E15BC7B28284ECBE50DE41E
310
03925E93F993765051B50BCC7772BCDEC0FB7AF1C51193F1E56794B17227D479AAFB3528D9A2EB666535859A82612831332C6AC8F93BE70B4FE115538CEE281801FA7D7F39F9C399A7719C26D59273AD5E54A1D503BC76DA387AE4076DBCEB8D1D39055063FD708D7332C09BFC111640B59C8AD96805B1610075346D1880D6
310
88D0051C33F62F1748D5468D094933EC0A78E44C1F8123897739C26D9A1B1A0348F005E04A3E3C7CD10B5387C3107CF62F504B03041400060808006EADFB507C5E9953DE000000530100003C0000006662782F35323037393734342D324533432D343831342D393736452D3238303345433937414444452F7265736F757263
310
65732F322F636E782E786D6C4D90CD6E03210C845F05715F60B79512452C79899C7A8928381485C52B7EA2F4ED0B29957AB235F3C99AB13C3FB7401E90B2C7B8D299094A201AB43EBA95D6729B8E949C954C88E51F4649D41BACB4CB544997B0EE43B270D3357435F8781FA2B83A8890BCB9EED1516282CE79A5D97CC1A699
310
AE052DE43BB3BA6836B304196B32D04E14BFC1386112E80296AA452C62128769395C96F9F4FE765A8E1F927752C94FC430781F0B24DC89C1B6C4964748DE6D256BF283E9259AF1178EB57092375BC95C52FBC0C0CAF7DE30BF6907FC85FCBA4AF25EB18D57FF36FB3BD40F504B03041400060808006EADFB50FF15A4A45D00
310
0000800000003A0000006662782F35323037393734342D324533432D343831342D393736452D3238303345433937414444452F7265736F75726365732F636E782E786D6C4D8B3B0E80201005AF42B6F75B59F0390B113044D83508C6E30BC6C26AF226F3B8BA6360974DA7271430F523308B2B198F9B80925DB700539227A2
310
FCCB80A18E5640D320F996A81C9F32D6E9129A0D1EF74FCE750E6D57BC7165FBCA07504B03041400060808006EADFB50A37A01F73E01000046050000300000006662782F35323037393734342D324533432D343831342D393736452D3238303345433937414444452F636E782E786D6CCD94CF4A033110C65F25E4BE7F155A
310
4A36050F3E8107F196CD4ED7B4D9CC92CC8A7D7B93BAAD8A543C14DA5B987C03DF6FE663C4FA7DB0EC0D7C30E81A5EE52567E03476C6F50D9F68932D395B4BE111E99B8C33A70668782A73297A8FD338973AD8A8C9A6AA356E3717159137ED441038D35685D0F0A05F6150B99A083B08BBBC53A4F22AF71070F21A623F9901
310
E67EED4111745CD6655D66E522AB174F75B5BABF5BD5CB175124A5142DA29DF5C611781C99C6F870D14C298AF42DC5E4CDAC49045C7E39CB5BE34411FFA508D1ADEB671DEDC7A41B476BB4A238A60235016551046A10C5A7588A22F1FEA07E7C783E3A609DF1A009FDFE4A03A8CE0DE0642C8F49F81FFF41F83736B6DB887B
310
AD6D9F859D6D5D0CF598D610E3FA7BFF3145CAF5F6F6427F3276F9CCC7534246DF1EF2D1D785888BC3C98B4B4F17507E00504B03041400060808006EADFB5082D8F4C07E000000A30000000B0000006662782F636E782E786D6C4D8CD10AC22018465F45FE7BCB394B0575C4E6838CE686B469D88C1E3F8D5D74F5C1E13B47
310
759F6D456F975E3E060DCD890072E11E271F160D799FB100D4199562DCFF6E80C2B8390D1583514B8AF979A0C9CD635E2B5D7D781CF04209979C314C6DDB63261A8625BF5A4C05696D2FF96D186C31CE5529F3EB95AD79F305504B03041400060808006EADFB50A6D797065F0000008200000007000000636E782E786D6C4D
310
CB3B0E80201045D1AD90E9FD7516806B51190811670C8A61F982B1B0BAC9C97B72CA7B1037C6D3332918DA1E04D2CAC69353902EDB8C20262D23F3F59B81A079470595414B17391D1F19B4730A5583A7ED43BBE4025D9592775E5ADFFA01504B03041400060808006EADFB50ECFD112DA800000026010000130000005B436F
310
6E74656E745F54797065735D2E786D6C7D4F4B0EC22010BD0A61DF525D18634ABB506FE00510A79458060253536F2FD89D5197F3FED3F68B9BD80362B21E25DFD40D6780DADF2C1AC9671AAA3D677DD75E9E0112CB5A4C928F44E12044D22338956A1F003333F8E814E5331A1194BE2B0362DB343BA13D122055543278D79E
310
6050F344ECBC6478EDCD76CE8EABAE5449AE4298AC56946789C28AAFBEABC53F3EAF09A84A1441B91F0101CD4780756578C173A578FFDDBD00504B03041400060808006EADFB503DEE336E64000000790000001B0000006175746F6465736B2D64657369676E2D7061636B6167652E786D6C35CBC10E83200C00D05F21DCA5
310
6CA76D41FC96062B120735B69A7DBE268BB7777961F8D5AF396893C2ADB70FE7ADA196782C2DF776D7A97B5933C430F15651E5469C55D70F80A4992A3ADC954792C525AE70A1E4D6AD9816CC044FEFDF01FE3FDE907802504B03041400060808006EADFB509834F9AAF30000008E0100003D0000006662782F353230373937
310
34342D324533432D343831342D393736452D3238303345433937414444452F7265736F75726365732F322F636F72652E786D6C8550CB6EC32010FC156BEFD81893D8893051E2F60F7AEA0D01715162B07854FDFC42E24AEDA9A75DCDCECCEE0E3B7D2DF7EA53FB609C1DA1AD3154DA4AA78C9D4748F18A06A84E9C79E7E22F
310
1A54562C7A84020367B37769DD20E96CD4B6A0D629BD8122041DA192F7DC8C10E4875E442D52CC8C70AB57216F62D6755B3F799CA564D426352ABB99ABD11E784FF10BC5ED19EDE8FE82E8FE30A0E13CF568DAF5D3051F0825DD2B6B8A98B368969FEDD26B11B5024E30C108F788F46FA43DD2EE488677D614266721FAFCF3
310
B6B47C97E9AC79A27FDCD2AAFE774BC6C68E6C6E4F4500DEE6E31E03CE9A924E2E8FE8722D49F26F504B03041400060808006EADFB50D57C1534F9000000960100003B0000006662782F35323037393734342D324533432D343831342D393736452D3238303345433937414444452F7265736F75726365732F636F72652E78
310
6D6C8550CB6E833010FC15B47783312490C8384A68FFA0A7DE2CB3A156828DFCA8FAF9B5132AB5A79E76353B33BB3BFCF4B5DC8B4F745E5B33405D5228D0283B69330F10C395F4509C0477D6865F34288C5C70800C83E0B3B371DD20654D4093516327DC40E93D0628D43D350378F5818B2C650C89E16FE52AD54DCE58D6E5
310
9327788C7ADAA47A4A6EFAAAD181E85AFAD2D2FA4C76EDFE42DAFDA127FD79ECC8B8EBC60B3DB09635AFBCCA62C1835E7EB62B8732E00482514609ED08EBDE587D6C9B23EBDF79959982FBE0D2CFDBD2FC1D0887DE46A7D0F3EA39FDE31AD7E97FD7A84D68D8E6FA547810753AF23110BCCA29A5F28830D59CA8F806504B03
310
041400060808006EADFB50E0D9A32AF1000000B1010000310000006662782F35323037393734342D324533432D343831342D393736452D3238303345433937414444452F636F72652E786D6C8D50CB6EC32010FC156BEFD818BBC589305195F80F7AEA0D01715162B07854FDFC42EC4AED2DA745B333CCECB0D3F772AFBEB4
310
0FC6D911DA1A43A5AD74CAD8798414AF6880EAC499772EFEA14165C5A247283070367B97D61D92CE466D0B6A9DD23B2842D0112A79CF8F1182FCD48BA8458A99116EF52AE44DCCBA6EEB8DC75934CBAF547A2DA256C0092618618A087D27EDB1EF8E64F8604D6172969251BB9551D9DD5C8DF6C05F08A607DAF7884CDD19F5
310
43DBA3037D9D101970379D0FF4ED72995853C49C85E8F3CDFB27E5BA67E59BF05FE6B4AA27321B1B3BB21B6E8A00BCCD791E0BCE9A52601E8F76F32C65F31F504B03041400060808006EADFB5092F765CE54010000DD0200000C0000006662782F636F72652E786D6C8D525D6F832014FD2B867714A9AD6D83346DB77FB0A7
310
BD51A48E54C12098FEFC811F713EAC5B4C909C7BEF39F79C404ECFA68E7A613AA95501D218814828AE4BA9AA02387B877B109D28315ADB1F6D2052AC11050830A0A432DAB513C4B5B2420554E9524C20EB3A6141C46B7F2940C7BF44C362E6ACEFE81E71CBF88355224EE3B18F12E764398DCAD2B3C9BB1406D03C436F194A
310
CF709BED2E30DB1DF6707FBEE6F0BACDAF1774C019DEBC93240C53626533AB7323981525A0186104510E71FE81D363B639E2FD27494227259D35DEF3241ADC017ABF3D4932E22B3ED7967FF339A9EC064F7CE3440768EAD71B0A9424211FFF1BC25B67E8857D7E96DDEAD9C2C343BDE0569BCC574AED9652CF6A273C358A86
310
8F2463D5330F04BFF1E0173CAF397C504C557E3566FDF5E66C505FEFD40A037BFB8C94360DAB97E5C6159773115A599AC7B9AEB5F9CFF46C750E33090F937E03504B03041400060808006EADFB504D90644407010000B201000008000000636F72652E786D6C8D50C172832014FC15E6DD5144134D06C924B67FD0536F5488
310
61A2E00066DABF2F443BD3DE7A7ACCEEBEB7CBB2D3E734A287725E5BD342911140CAF4566A33B4B0842B6E009D3873D6865F3240464CAA8504036783B3CBBC41BD354199841A2BD5060AEF5500D48FF1D182EF6F6A1299584254F87B368BFE2E069515D9AAE32CE8E967B5774A0425815342092635A6F51B2D8E5579A4CD3B
310
CB9392B365D172B3D232BAEBAB560E785D91978A1467BCABF6175CED0F0D6ECE5D8DBB5DDD5DC88156B47C65795AE6CC0717FFBC1D893903F2E2917C59BE529C7D583B6E82184A226BC62FE084E589F8137A99E53F426B134ABA1D5C373CF022067A12D1383518C7B3DE3853DBFC1B504B010214001400060808006EADFB50
310
0000000000000000000000003700000000000000000000000000000000006662782F35323037393734342D324533432D343831342D393736452D3238303345433937414444452F617474726962757465732E62696E504B010214001400060808006EADFB500000000000000000000000003500000000000000000000000000
310
550000006662782F35323037393734342D324533432D343831342D393736452D3238303345433937414444452F76657274696365732E62696E504B010214001400060808006EADFB50F270F13306000000040000003600000000000000000000000000A80000006662782F35323037393734342D324533432D343831342D39
310
3736452D3238303345433937414444452F747269616E676C65732E62696E504B010214001400060808006EADFB5088E57597CD3F0000904100004200000000000000000000000000020100006662782F35323037393734342D324533432D343831342D393736452D3238303345433937414444452F7265736F75726365732F
310
322F305F67656E657269632E706E67504B010214001400060808006EADFB5051464CB4890000004301000036000000000000000000000000002F4100006662782F35323037393734342D324533432D343831342D393736452D3238303345433937414444452F6469726563746F72792E786D6C504B01021400140006080800
310
6EADFB500D627BA93F070000201C000034000000000000000000000000000C4200006662782F35323037393734342D324533432D343831342D393736452D3238303345433937414444452F6F626A656374732E786D6C504B010214001400060808006EADFB507C5E9953DE000000530100003C000000000000000000000000
310
009D4900006662782F35323037393734342D324533432D343831342D393736452D3238303345433937414444452F7265736F75726365732F322F636E782E786D6C504B010214001400060808006EADFB50FF15A4A45D000000800000003A00000000000000000000000000D54A00006662782F35323037393734342D324533
310
432D343831342D393736452D3238303345433937414444452F7265736F75726365732F636E782E786D6C504B010214001400060808006EADFB50A37A01F73E0100004605000030000000000000000000000000008A4B00006662782F35323037393734342D324533432D343831342D393736452D3238303345433937414444
310
452F636E782E786D6C504B010214001400060808006EADFB5082D8F4C07E000000A30000000B00000000000000000000000000164D00006662782F636E782E786D6C504B010214001400060808006EADFB50A6D797065F000000820000000700000000000000000000000000BD4D0000636E782E786D6C504B010214001400
310
060808006EADFB50ECFD112DA8000000260100001300000000000000000000000000414E00005B436F6E74656E745F54797065735D2E786D6C504B010214001400060808006EADFB503DEE336E64000000790000001B000000000000000000000000001A4F00006175746F6465736B2D64657369676E2D7061636B6167652E
310
786D6C504B010214001400060808006EADFB509834F9AAF30000008E0100003D00000000000000000000000000B74F00006662782F35323037393734342D324533432D343831342D393736452D3238303345433937414444452F7265736F75726365732F322F636F72652E786D6C504B010214001400060808006EADFB50D5
310
7C1534F9000000960100003B00000000000000000000000000055100006662782F35323037393734342D324533432D343831342D393736452D3238303345433937414444452F7265736F75726365732F636F72652E786D6C504B010214001400060808006EADFB50E0D9A32AF1000000B10100003100000000000000000000
310
000000575200006662782F35323037393734342D324533432D343831342D393736452D3238303345433937414444452F636F72652E786D6C504B010214001400060808006EADFB5092F765CE54010000DD0200000C00000000000000000000000000975300006662782F636F72652E786D6C504B010214001400060808006E
310
ADFB504D90644407010000B2010000080000000000000000000000000015550000636F72652E786D6C504B050600000000120012002D060000425600000000
  0
XRECORD
  5
176
102
{ACAD_REACTORS
330
173
102
}
330
173
100
AcDbXrecord
280
     1
270
     1
271
     1
  0
XRECORD
  5
177
102
{ACAD_REACTORS
330
173
102
}
330
173
100
AcDbXrecord
280
     1
270
     1
271
     1
  0
CELLSTYLEMAP
  5
1017152
102
{ACAD_REACTORS
330
162
102
}
330
162
100
AcDbCellStyleMap
 90
        3
300
CELLSTYLE
  1
TABLEFORMAT_BEGIN
 90
        5
170
     1
 91
        0
 92
    32768
 62
   257
 93
        1
300
CONTENTFORMAT
  1
CONTENTFORMAT_BEGIN
 90
        0
 91
        0
 92
      512
 93
        0
300

 40
0.0
140
1.0
 94
        5
 62
     0
340
11
144
6.0
309
CONTENTFORMAT_END
171
     1
301
MARGIN
  1
CELLMARGIN_BEGIN
 40
1.5
 40
1.5
 40
1.5
 40
1.5
 40
0.18
 40
0.18
309
CELLMARGIN_END
 94
        6
 95
        1
302
GRIDFORMAT
  1
GRIDFORMAT_BEGIN
 90
        0
 91
        1
 62
     0
 92
       -2
340
14
 93
        0
 40
1.125
309
GRIDFORMAT_END
 95
        2
302
GRIDFORMAT
  1
GRIDFORMAT_BEGIN
 90
        0
 91
        1
 62
     0
 92
       -2
340
14
 93
        0
 40
1.125
309
GRIDFORMAT_END
 95
        4
302
GRIDFORMAT
  1
GRIDFORMAT_BEGIN
 90
        0
 91
        1
 62
     0
 92
       -2
340
14
 93
        0
 40
1.125
309
GRIDFORMAT_END
 95
        8
302
GRIDFORMAT
  1
GRIDFORMAT_BEGIN
 90
        0
 91
        1
 62
     0
 92
       -2
340
14
 93
        0
 40
1.125
309
GRIDFORMAT_END
 95
       16
302
GRIDFORMAT
  1
GRIDFORMAT_BEGIN
 90
        0
 91
        1
 62
     0
 92
       -2
340
14
 93
        0
 40
1.125
309
GRIDFORMAT_END
 95
       32
302
GRIDFORMAT
  1
GRIDFORMAT_BEGIN
 90
        0
 91
        1
 62
     0
 92
       -2
340
14
 93
        0
 40
1.125
309
GRIDFORMAT_END
309
TABLEFORMAT_END
  1
CELLSTYLE_BEGIN
 90
        1
 91
        1
300
_TITLE
309
CELLSTYLE_END
300
CELLSTYLE
  1
TABLEFORMAT_BEGIN
 90
        5
170
     1
 91
        0
 92
        0
 62
   257
 93
        1
300
CONTENTFORMAT
  1
CONTENTFORMAT_BEGIN
 90
        0
 91
        0
 92
      512
 93
        0
300

 40
0.0
140
1.0
 94
        5
 62
     0
340
11
144
4.5
309
CONTENTFORMAT_END
171
     1
301
MARGIN
  1
CELLMARGIN_BEGIN
 40
1.5
 40
1.5
 40
1.5
 40
1.5
 40
0.18
 40
0.18
309
CELLMARGIN_END
 94
        6
 95
        1
302
GRIDFORMAT
  1
GRIDFORMAT_BEGIN
 90
        0
 91
        1
 62
     0
 92
       -2
340
14
 93
        0
 40
1.125
309
GRIDFORMAT_END
 95
        2
302
GRIDFORMAT
  1
GRIDFORMAT_BEGIN
 90
        0
 91
        1
 62
     0
 92
       -2
340
14
 93
        0
 40
1.125
309
GRIDFORMAT_END
 95
        4
302
GRIDFORMAT
  1
GRIDFORMAT_BEGIN
 90
        0
 91
        1
 62
     0
 92
       -2
340
14
 93
        0
 40
1.125
309
GRIDFORMAT_END
 95
        8
302
GRIDFORMAT
  1
GRIDFORMAT_BEGIN
 90
        0
 91
        1
 62
     0
 92
       -2
340
14
 93
        0
 40
1.125
309
GRIDFORMAT_END
 95
       16
302
GRIDFORMAT
  1
GRIDFORMAT_BEGIN
 90
        0
 91
        1
 62
     0
 92
       -2
340
14
 93
        0
 40
1.125
309
GRIDFORMAT_END
 95
       32
302
GRIDFORMAT
  1
GRIDFORMAT_BEGIN
 90
        0
 91
        1
 62
     0
 92
       -2
340
14
 93
        0
 40
1.125
309
GRIDFORMAT_END
309
TABLEFORMAT_END
  1
CELLSTYLE_BEGIN
 90
        2
 91
        1
300
_HEADER
309
CELLSTYLE_END
300
CELLSTYLE
  1
TABLEFORMAT_BEGIN
 90
        5
170
     1
 91
        0
 92
        0
 62
   257
 93
        1
300
CONTENTFORMAT
  1
CONTENTFORMAT_BEGIN
 90
        0
 91
        0
 92
      512
 93
        0
300

 40
0.0
140
1.0
 94
        2
 62
     0
340
11
144
4.5
309
CONTENTFORMAT_END
171
     1
301
MARGIN
  1
CELLMARGIN_BEGIN
 40
1.5
 40
1.5
 40
1.5
 40
1.5
 40
0.18
 40
0.18
309
CELLMARGIN_END
 94
        6
 95
        1
302
GRIDFORMAT
  1
GRIDFORMAT_BEGIN
 90
        0
 91
        1
 62
     0
 92
       -2
340
14
 93
        0
 40
1.125
309
GRIDFORMAT_END
 95
        2
302
GRIDFORMAT
  1
GRIDFORMAT_BEGIN
 90
        0
 91
        1
 62
     0
 92
       -2
340
14
 93
        0
 40
1.125
309
GRIDFORMAT_END
 95
        4
302
GRIDFORMAT
  1
GRIDFORMAT_BEGIN
 90
        0
 91
        1
 62
     0
 92
       -2
340
14
 93
        0
 40
1.125
309
GRIDFORMAT_END
 95
        8
302
GRIDFORMAT
  1
GRIDFORMAT_BEGIN
 90
        0
 91
        1
 62
     0
 92
       -2
340
14
 93
        0
 40
1.125
309
GRIDFORMAT_END
 95
       16
302
GRIDFORMAT
  1
GRIDFORMAT_BEGIN
 90
        0
 91
        1
 62
     0
 92
       -2
340
14
 93
        0
 40
1.125
309
GRIDFORMAT_END
 95
       32
302
GRIDFORMAT
  1
GRIDFORMAT_BEGIN
 90
        0
 91
        1
 62
     0
 92
       -2
340
14
 93
        0
 40
1.125
309
GRIDFORMAT_END
309
TABLEFORMAT_END
  1
CELLSTYLE_BEGIN
 90
        3
 91
        2
300
_DATA
309
CELLSTYLE_END
  0
ENDSEC
  0
SECTION
  2
ACDSDATA
 70
     2
 71
     8
  0
ACDSSCHEMA
 90
        0
  1
AcDb_Thumbnail_Schema
  2
AcDbDs::ID
280
    10
 91
        8
  2
Thumbnail_Data
280
    15
 91
        0
101
ACDSRECORD
 95
        0
 90
        1
  2
AcDbDs::TreatedAsObjectData
280
     1
291
     1
101
ACDSRECORD
 95
        0
 90
        2
  2
AcDbDs::Legacy
280
     1
291
     1
101
ACDSRECORD
  1
AcDbDs::ID
 90
        3
  2
AcDs:Indexable
280
     1
291
     1
101
ACDSRECORD
  1
AcDbDs::ID
 90
        4
  2
AcDbDs::HandleAttribute
280
     7
282
     1
  0
ACDSSCHEMA
 90
        1
  1
AcDbDs::TreatedAsObjectDataSchema
  2
AcDbDs::TreatedAsObjectData
280
     1
 91
        0
  0
ACDSSCHEMA
 90
        2
  1
AcDbDs::LegacySchema
  2
AcDbDs::Legacy
280
     1
 91
        0
  0
ACDSSCHEMA
 90
        3
  1
AcDbDs::IndexedPropertySchema
  2
AcDs:Indexable
280
     1
 91
        0
  0
ACDSSCHEMA
 90
        4
  1
AcDbDs::HandleAttributeSchema
  2
AcDbDs::HandleAttribute
280
     7
 91
        1
284
     1
  0
ACDSRECORD
 90
        0
  2
AcDbDs::ID
280
    10
320
22
  2
Thumbnail_Data
280
    15
 94
     1574
310
89504E470D0A1A0A0000000D49484452000001000000007808030000002AAADC4C00000300504C5445212830FFFFFF2128300000000000000000000000000000000000000000000000000000330000660000990000CC0000FF0033000033330033660033990033CC0033FF0066000066330066660066990066CC0066FF0099
310
000099330099660099990099CC0099FF00CC0000CC3300CC6600CC9900CCCC00CCFF00FF0000FF3300FF6600FF9900FFCC00FFFF3300003300333300663300993300CC3300FF3333003333333333663333993333CC3333FF3366003366333366663366993366CC3366FF3399003399333399663399993399CC3399FF33CC00
310
33CC3333CC6633CC9933CCCC33CCFF33FF0033FF3333FF6633FF9933FFCC33FFFF6600006600336600666600996600CC6600FF6633006633336633666633996633CC6633FF6666006666336666666666996666CC6666FF6699006699336699666699996699CC6699FF66CC0066CC3366CC6666CC9966CCCC66CCFF66FF0066
310
FF3366FF6666FF9966FFCC66FFFF9900009900339900669900999900CC9900FF9933009933339933669933999933CC9933FF9966009966339966669966999966CC9966FF9999009999339999669999999999CC9999FF99CC0099CC3399CC6699CC9999CCCC99CCFF99FF0099FF3399FF6699FF9999FFCC99FFFFCC0000CC00
310
33CC0066CC0099CC00CCCC00FFCC3300CC3333CC3366CC3399CC33CCCC33FFCC6600CC6633CC6666CC6699CC66CCCC66FFCC9900CC9933CC9966CC9999CC99CCCC99FFCCCC00CCCC33CCCC66CCCC99CCCCCCCCCCFFCCFF00CCFF33CCFF66CCFF99CCFFCCCCFFFFFF0000FF0033FF0066FF0099FF00CCFF00FFFF3300FF3333
310
FF3366FF3399FF33CCFF33FFFF6600FF6633FF6666FF6699FF66CCFF66FFFF9900FF9933FF9966FF9999FF99CCFF99FFFFCC00FFCC33FFCC66FFCC99FFCCCCFFCCFFFFFF00FFFF33FFFF66FFFF99FFFFCCFFFFFF0000000D0D0D1A1A1A2828283535354343435050505D5D5D6B6B6B787878868686939393A1A1A1AEAEAEBB
310
BBBBC9C9C9D6D6D6E4E4E4F1F1F1FFFFFF0000000000000000000000000000000000000000000000000000000000002E4550F1000000EA4944415478DAEDDACB0DC2301445C174E036DCE46B2DB5110288FC041B40227766C102D8E4E8392616C3000000000000000000000000000000FCCC78A7046123FFD669037CF87B02
310
082080007F1BE0D5AD3E2340F8048CD52B3A40F5DEAB8203B461BAFEEAB101DAFC7A9D82B8007D760B304FC1C105070478CE7ED57E433CFF1258AEFD658D94006DF5EE7E3738FF04B4CD079BFD206117D88CFD7A1D9C3CC0F636181AA0AD9641F5E54958C8E3F094A01FDF1362CE031E83DF121F8717BF085BE479C07E1D64
310
0638DC14C2CE04E3030CE14B400001041040000104C80890FE17190000000000BEE30275BA9336D25538370000000049454E44AE4260823C185C26E7039862CB642500F33E1B11D06A01E617A81901FC027E02B57940F746A0B618B2DE8D20C372F85AC0B15120B923E41DE83D5302C53D41FF5427510BD8EF0A787B8292A8
310
0FD82D8ACD27B035959BAB016A2DE0D90CD6D1C0B1322AEDBB11BA47641C02F59119A0DD08E61FB7AFC5489F12BB17F07594E2C7E46E089C0385FC39C1AB699177C2A87F50F27C5AE49E302738295A4E8AF52F1844010E6F8B8EF5FAEB1707D85E95EC0902F5A7392CFD5B20527FA2D3E21B41A8FE4CC7E59F0225567FAEFB
310
023341F8F460AE0B138BC06184180B607D79F25DFDA0002743E4700023F7010000000000000000000000000000000000000000000000000000000000009200A3FF6F71420821442D5F1A83AF5F8C153E460000000049454E44AE426082752980840024BFDA24A9DADF014A7EC5515A5502E410A026154E7EDD616AA5BD12A0
310
FCCAD3E4E6B51DF5955F7B9C5E49AF042ABFC13CC1A37C58F92D062A1E24C4CA6F3351F21701587EA3919AFB0268F9CD668AEE10C0E5B71BAAFA55002FBFE554D94F02C0FCA66375DF0510F31BCF15DE105040804D68C8FCF693A55782A2558247808700EC6085337A9137028A0CA0FCAA6D8700AA6FDCF709302440022440
310
022440022440022440022440022440022440022440022440022480F0F80305C5D93A6185D0650000000049454E44AE426082
  0
ENDSEC
  0
EOF
